Q7TU21,EC:1.2.1.11/4.3332
Q7UZH7,EC:6.3.4.2/2.8527
Q7UZR6,EC:6.3.2.1/5.8351
Q7V010,EC:2.1.1.192/3.8433
Q7V0C4,EC:2.7.11.1/7.2259
Q7V0G1,EC:2.5.1.7/5.0980
Q7V0G8,EC:4.2.1.136/4.2292
Q7V0H7,EC:2.1.1.228/6.3859
Q7V111,EC:2.7.6.1/2.4782
Q7V1H8,EC:3.5.4.25/5.5545,EC:4.1.99.12/5.5552
Q7V1L1,EC:3.6.4.6/6.8995,EC:3.6.4.10/6.9654
Q7V274,EC:2.3.1.157/4.1413,EC:2.7.7.23/4.1691
Q7V2D0,EC:4.1.1.39/2.0345
Q7V2Q8,EC:6.3.2.13/3.7892
Q7V316,EC:3.6.1.66/4.0078
Q7V359,EC:4.1.1.36/5.0569,EC:6.3.2.5/5.5671
Q7V362,EC:3.6.4.6/5.6426
Q7V365,EC:1.10.3.9/3.7208
O07295,EC:1.97.1.12/8.2878
Q7TTQ1,EC:2.8.1.13/4.1379
Q7TU15,EC:4.2.3.1/3.8454
Q7TU17,EC:2.7.4.1/2.6231
Q7TU25,EC:2.5.1.75/4.3534
Q7TU31,EC:5.4.99.12/3.8089
Q7TU32,EC:5.1.1.1/4.6170
Q7TU39,EC:6.3.3.3/6.0315
Q7TU40,EC:4.3.2.2/2.2408
Q7TU44,EC:5.6.1.7/1.6912
Q7TU60,EC:2.1.2.11/4.0259
Q7TU66,EC:3.5.4.26/3.9496,EC:1.1.1.193/4.0908
Q7TU75,EC:2.1.1.74/3.6027
Q7TU81,EC:3.5.4.9/3.6220,EC:1.5.1.5/3.6258
Q7TU97,EC:2.6.1.42/4.0485
Q7TUC2,EC:4.4.1.5/6.7473
Q7TUC4,EC:5.1.1.3/4.9377
Q7TUC5,EC:6.3.2.10/4.4625
Q7TUC7,EC:3.6.1.31/6.0420,EC:3.5.4.19/6.2459
Q7TUD1,EC:2.7.2.8/3.4768
Q7TUF8,EC:7.1.1.2/7.6479
Q7TUF9,EC:6.6.1.1/4.2945
Q7TUG0,EC:2.4.2.29/3.4684
Q7TUG1,EC:3.5.4.10/3.7371,EC:2.1.2.3/3.7915
Q7TUG9,EC:6.3.2.3/5.4369
Q7TUH1,EC:1.7.5.1/7.1355
Q7TUH3,EC:1.12.98.3/6.8260,EC:7.1.1.2/7.0052
Q7TUI2,EC:2.4.2.14/4.0738
Q7UZF5,EC:2.4.1.14/8.5023
Q7UZF8,EC:2.7.8.13/4.7233
Q7UZG2,EC:1.1.1.25/5.4669
Q7UZG7,EC:4.2.1.99/4.4768,EC:4.2.1.3/4.5714
Q7UZH5,EC:6.3.4.20/4.8276
Q7UZH6,EC:4.3.99.3/3.9990
Q7UZH8,EC:6.1.1.23/3.8904,EC:6.1.1.12/4.0040
Q7UZI0,EC:2.5.1.16/2.9992
Q7UZI3,EC:6.1.1.9/2.7663
Q7UZJ9,EC:2.8.1.10/4.4071
Q7UZK5,EC:3.6.4.12/6.1641
Q7UZK8,EC:5.2.1.8/4.3311
Q7UZK9,EC:4.3.3.7/4.5470
Q7UZL0,EC:3.1.4.59/7.3095
Q7UZL3,EC:7.4.2.8/8.3976,EC:3.1.13.1/8.5947
Q7UZM1,EC:7.4.2.4/3.2274
Q7UZM4,EC:5.6.2.2/3.0792
Q7UZP0,EC:6.1.1.6/2.7857
Q7UZP3,EC:3.6.4.12/2.9264
Q7UZP7,EC:4.1.99.17/3.9153
Q7UZQ1,EC:1.97.1.12/3.9118
Q7UZQ2,EC:2.6.1.16/3.1499
Q7UZQ5,EC:3.1.26.3/6.9659
Q7UZS3,EC:1.3.3.3/4.5609
Q7UZS5,EC:2.4.1.129/5.6509
Q7UZT3,EC:4.1.1.50/6.2614
Q7UZU3,EC:2.1.3.15/8.1776
Q7UZV2,EC:3.1.26.5/8.0075
Q7UZW0,EC:7.1.1.1/9.1893
Q7UZW3,EC:2.7.4.3/4.4257
Q7UZW4,EC:2.7.7.6/6.9565
Q7UZW6,EC:2.7.7.6/4.1160
Q7UZY1,EC:2.8.1.8/4.2144
Q7UZY4,EC:4.6.1.18/8.4403
Q7UZZ2,EC:3.1.26.4/4.2284
Q7UZZ3,EC:2.6.1.83/3.0210
Q7V003,EC:5.3.1.6/5.3020
Q7V004,EC:1.1.1.23/3.1137
Q7V006,EC:2.7.7.6/6.7159
Q7V007,EC:2.7.7.6/5.9018
Q7V008,EC:2.7.7.6/8.3202
Q7V019,EC:2.6.1.62/3.9423
Q7V024,EC:4.2.1.2/3.1166
Q7V027,EC:1.7.1.13/4.9656
Q7V033,EC:1.2.99.8/8.0136
Q7V037,EC:7.1.2.2/2.8528,EC:7.2.2.1/3.1714
Q7V042,EC:6.3.5.1/5.6241
Q7V049,EC:7.1.2.2/3.3529
Q7V051,EC:5.4.2.12/3.5754
Q7V0A5,EC:6.3.2.9/4.3897
Q7V0B9,EC:3.1.26.11/3.3073
Q7V0C9,EC:3.5.1.108/5.8983
Q7V0D0,EC:4.2.1.59/4.5497
Q7V0D4,EC:3.4.11.1/4.0386,EC:3.4.11.10/4.0699
Q7V0D7,EC:6.1.1.1/3.3910
Q7V0D8,EC:4.1.1.23/5.2653
Q7V0D9,EC:2.3.1.275/4.4002
Q7V0F0,EC:1.1.1.86/4.0442
Q7V0F2,EC:3.4.21.92/4.8826
Q7V0F6,EC:6.3.2.4/4.3067
Q7V0F7,EC:2.8.4.3/4.3913
Q7V0G0,EC:2.6.1.11/3.7145
Q7V0G7,EC:2.3.1.269/5.1189
Q7V0H2,EC:3.4.21.53/7.4249
Q7V0I3,EC:2.5.1.3/6.9304
Q7V0I4,EC:2.7.7.2/5.1159
Q7V0I7,EC:6.1.1.20/4.2386
Q7V0I8,EC:2.7.1.23/3.5883
Q7V0J2,EC:3.6.4.6/6.6788,EC:5.6.1.1/6.9135
Q7V0J4,EC:3.4.21.88/3.9899
Q7V0P9,EC:1.1.1.356/4.9088,EC:1.1.1.271/4.9428
Q7V0R5,EC:2.7.7.8/3.2734
Q7V0R7,EC:6.1.1.11/3.4988
Q7V0U8,EC:2.2.1.6/4.0485
Q7V0W0,EC:1.1.1.267/4.9208
Q7V0W1,EC:6.1.1.16/3.4935
Q7V0W8,EC:2.7.7.n1/6.0373
Q7V0Y7,EC:2.6.99.2/2.9140
Q7V0Z8,EC:2.8.1.8/3.0978
Q7V101,EC:2.8.1.6/4.3767
Q7V103,EC:2.7.7.85/5.7004
Q7V104,EC:4.1.1.20/4.4033
Q7V116,EC:1.1.1.49/3.5015
Q7V121,EC:2.3.3.13/3.2401
Q7V124,EC:5.6.2.2/3.2254
Q7V127,EC:4.3.2.10/4.8088,EC:3.5.1.2/5.1651
Q7V132,EC:3.1.21.10/4.3184
Q7V135,EC:1.1.1.3/4.1590
Q7V179,EC:6.3.1.21/5.1315
Q7V1B6,EC:3.5.1.5/4.2369
Q7V1C3,EC:3.6.1.27/4.8358
Q7V1C7,EC:6.3.5.5/4.5816
Q7V1E1,EC:2.1.1.182/4.2401
Q7V1E2,EC:2.7.1.148/3.9317
Q7V1F8,EC:3.4.23.36/4.9256
Q7V1G6,EC:2.2.1.7/3.2815
Q7V1H9,EC:1.2.1.38/3.4676
Q7V1I0,EC:2.1.2.2/6.6268
Q7V1I1,EC:5.3.1.9/4.4396
Q7V1I3,EC:5.1.1.7/5.0777
Q7V1I7,EC:2.7.7.3/4.8828
Q7V1J0,EC:7.1.1.2/7.3621
Q7V1J3,EC:2.7.3.9/7.8369,EC:4.1.99.17/7.9218,EC:1.17.7.3/8.0023
Q7V1J8,EC:6.1.1.20/4.2560
Q7V1K0,EC:6.1.1.10/4.7917
Q7V1K3,EC:2.7.7.62/8.5874
Q7V1N1,EC:1.17.1.8/3.3406
Q7V1N4,EC:5.3.1.1/4.5391
Q7V1N8,EC:6.3.4.14/7.4922,EC:6.4.1.2/7.6472
Q7V1R7,EC:2.7.2.11/3.4502
Q7V1R9,EC:1.1.1.85/2.8460
Q7V1S1,EC:2.1.3.15/2.9687
Q7V1S5,EC:3.5.1.2/4.0432
Q7V1T1,EC:4.2.1.9/4.7094
Q7V1T5,EC:1.1.1.44/3.7069
Q7V1T7,EC:1.2.1.70/4.5622
Q7V1T8,EC:3.1.3.37/1.3620
Q7V1U3,EC:3.6.5.n1/3.2343
Q7V1V9,EC:3.6.4.6/6.7885,EC:5.6.1.1/7.1026
Q7V1X3,EC:7.3.2.1/5.1422
Q7V208,EC:6.3.4.18/5.1176
Q7V209,EC:4.2.3.4/3.8042
Q7V215,EC:1.17.7.1/2.2229
Q7V245,EC:2.3.1.31/4.9715
Q7V267,EC:6.2.1.1/2.7450
Q7V272,EC:2.5.1.19/4.0382
Q7V276,EC:4.1.3.36/3.2213
Q7V277,EC:2.2.1.9/4.6146
Q7V286,EC:6.1.1.2/2.5247
Q7V287,EC:6.1.1.3/2.6330
Q7V299,EC:2.4.1.18/3.1391
Q7V2A0,EC:4.1.1.37/3.3979
Q7V2B1,EC:4.2.3.119/8.1544
Q7V2B2,EC:3.5.2.3/3.6903
Q7V2C7,EC:4.2.1.1/7.2309
Q7V2C8,EC:1.7.1.15/8.6694
Q7V2C9,EC:4.2.1.104/8.5259
Q7V2D1,EC:4.1.3.17/8.1050,EC:4.1.1.112/8.1295
Q7V2D3,EC:4.1.1.112/8.0337,EC:4.1.3.17/8.0633,EC:5.4.99.1/8.1010,EC:2.7.1.202/8.1094
Q7V2D5,EC:1.3.7.7/3.6559
Q7V2D6,EC:1.3.7.7/3.8297
Q7V2D7,EC:1.3.7.7/5.0650
Q7V2E6,EC:2.1.3.15/4.1667
Q7V2F5,EC:4.99.1.1/2.7133
Q7V2F8,EC:2.7.4.22/3.9961
Q7V2G1,EC:2.2.1.2/4.0654
Q7V2G9,EC:3.6.1.1/4.0237
Q7V2H1,EC:6.3.4.4/3.4405
Q7V2H9,EC:3.6.4.12/7.1632
Q7V2I0,EC:2.7.11.1/7.7255,EC:3.6.4.12/7.9644,EC:2.7.11.26/8.0670
Q7V2I1,EC:2.5.1.61/3.2448
Q7V2J3,EC:5.4.3.8/3.2718
Q7V2J9,EC:3.4.11.18/4.5365
Q7V2K3,EC:6.1.1.17/3.5854
Q7V2K6,EC:2.3.1.234/3.2211
Q7V2L4,EC:7.1.1.6/1.9953
Q7V2L5,EC:2.1.1.86/8.3203,EC:7.2.1.1/8.4034
Q7V2M3,EC:5.6.1.7/3.5738
Q7V2M7,EC:2.5.1.141/6.3395
Q7V2N0,EC:7.1.1.9/4.2682
Q7V2N7,EC:5.6.2.1/4.3511
Q7V2N8,EC:1.12.98.3/7.6306,EC:7.1.1.2/7.7727
Q7V2P2,EC:4.3.2.10/3.6762
Q7V2R8,EC:2.3.1.181/4.3205
Q7V2S9,EC:4.2.1.10/4.5755
Q7V2X4,EC:3.2.2.23/3.6747,EC:4.2.99.18/3.7334
Q7V2Y4,EC:1.97.1.12/6.6434
Q7V2Y8,EC:2.5.1.6/3.6904
Q7V2Z3,EC:5.4.99.5/7.7833,EC:2.1.1.86/7.8081
Q7V2Z6,EC:2.4.2.28/4.5960
Q7V2Z9,EC:3.2.1.39/8.1994
Q7V300,EC:1.4.3.2/8.2980
Q7V303,EC:1.12.1.2/8.4589
Q7V304,EC:1.12.7.2/6.0306
Q7V324,EC:2.7.8.26/5.3573
Q7V329,EC:1.17.7.4/5.4502
Q7V335,EC:2.1.2.1/2.9026
Q7V336,EC:4.2.1.33/3.4921
Q7V349,EC:5.4.2.10/4.0498
Q7V352,EC:6.1.1.5/4.2692
Q7V364,EC:4.2.3.5/3.8429
Q7V368,EC:3.1.1.29/8.7662
Q7V369,EC:2.7.7.101/6.8899
Q7V377,EC:4.2.1.11/2.6777
Q7V386,EC:1.3.5.2/4.7516
Q7V388,EC:2.4.1.227/5.3723
Q7V395,EC:2.7.7.101/7.1474
Q7V3B0,EC:1.12.98.3/7.0527,EC:1.12.7.2/7.0928,EC:7.1.1.2/7.3435
Q7V3B6,EC:2.7.1.25/3.4468
Q7V3C1,EC:1.12.98.3/3.8685
Q7V3C2,EC:2.7.1.23/3.1689
Q7V3C6,EC:2.7.7.13/5.4666
Q7V3C8,EC:7.1.1.2/5.0814
Q7V3E0,EC:2.3.1.180/4.2133
Q7V3E1,EC:2.3.1.274/5.7003
Q7V3F4,EC:3.5.5.8/7.4099
Q7V3G8,EC:2.7.1.71/5.4772
Q7V3H3,EC:2.8.4.4/3.0623
Q7V3J4,EC:1.8.4.8/4.9179
Q7V3L5,EC:6.4.1.2/3.2348,EC:6.3.4.14/3.3782
Q7V3L8,EC:3.6.4.12/7.8798
Q7V3M5,EC:2.3.1.35/4.1367,EC:2.3.1.1/4.2897
Q7V3M6,EC:2.7.1.24/3.8989
Q7V3M8,EC:2.7.4.6/3.9643
Q7V3N0,EC:6.1.1.7/2.1393
Q7V3N7,EC:6.3.5.2/2.6155
Q7V3P7,EC:2.7.4.16/3.9995
Q7V3P8,EC:6.3.2.8/4.2913
Q7V3P9,EC:1.3.1.98/4.3666
Q7V3Q3,EC:5.2.1.8/6.7478
Q7V3Q6,EC:1.3.1.91/4.1576
Q7V3Q9,EC:3.4.21.53/8.5398
Q7V3R5,EC:6.3.5.3/3.4731
Q93P09,EC:1.97.1.12/6.7326
Q93P10,EC:1.10.3.9/4.5693
Q9RC07,EC:1.97.1.12/4.1542
Q9RC08,EC:1.97.1.12/4.1942
P0A3A2,EC:3.6.4.12/5.6022
P59830,EC:3.5.1.15/3.3553
P59882,EC:5.4.99.25/4.3544
P59907,EC:3.5.1.99/9.2229
Q7TU16,EC:2.7.7.101/7.1840,EC:3.6.4.12/7.3172
Q7TU18,EC:2.1.2.10/5.3427
Q7TU19,EC:2.7.7.49/8.4506
Q7TU20,EC:2.5.1.9/7.1094
Q7TU23,EC:1.7.99.1/10.1270
Q7TU24,EC:3.1.26.5/6.5603
Q7TU27,EC:2.7.7.6/6.8043
Q7TU28,EC:3.1.26.5/7.8589
Q7TU29,EC:1.2.7.7/7.9553
Q7TU30,EC:3.9.1.3/8.4399
Q7TU35,EC:4.2.1.51/4.4541
Q7TU38,EC:1.1.1.399/8.8904,EC:1.1.1.95/8.8954
Q7TU42,EC:2.1.1.86/8.6324
Q7TU43,EC:4.1.1.11/8.1818
Q7TU56,EC:2.7.1.180/9.0177
Q7TU59,EC:2.1.1.189/9.7383
Q7TU61,EC:3.1.1.61/5.6819
Q7TU62,EC:6.3.2.12/5.0714
Q7TU64,EC:4.1.1.48/3.3165
Q7TU65,EC:2.7.7.6/6.3771
Q7TU67,EC:7.1.1.2/7.1166
Q7TU77,EC:2.7.7.41/4.2909
Q7TU82,EC:6.6.1.1/3.3190
Q7TU88,EC:3.1.26.5/7.6971
Q7TU90,EC:2.4.2.18/3.8866
Q7TU92,EC:7.1.1.2/7.7917
Q7TU94,EC:4.2.1.96/8.4910,EC:2.7.7.6/8.6049
Q7TU96,EC:1.1.1.309/7.9551
Q7TU99,EC:1.2.7.7/7.7549
Q7TUA0,EC:2.7.7.6/6.8584
Q7TUA3,EC:2.1.2.9/4.9646
Q7TUA7,EC:5.3.1.16/4.2939
Q7TUA9,EC:4.3.1.7/8.2547
Q7TUC3,EC:2.5.1.49/3.9855
Q7TUC6,EC:7.1.1.2/5.0618
Q7TUC8,EC:4.2.1.20/4.1326
Q7TUD0,EC:1.18.6.1/9.1139
Q7TUD5,EC:2.1.1.34/4.2441
Q7TUD6,EC:2.5.1.48/5.0218,EC:4.4.1.13/5.1883
Q7TUD8,EC:3.6.4.12/7.0610
Q7TUE0,EC:5.4.99.18/8.0294
Q7TUE6,EC:3.4.11.5/4.6922
Q7TUF3,EC:7.1.1.8/9.3439
Q7TUF4,EC:3.4.21.102/4.9649
Q7TUF5,EC:7.1.1.9/9.0763,EC:3.2.1.186/9.1962,EC:1.10.3.9/9.2354
Q7TUG5,EC:3.2.2.21/7.0099
Q7TUG8,EC:2.4.2.19/4.4100
Q7TUH0,EC:4.2.1.20/3.1327
Q7TUH2,EC:7.1.1.2/6.7054
Q7TUH4,EC:7.1.1.2/6.1887
Q7TUH9,EC:4.2.1.104/8.3982
Q7TUI0,EC:1.2.1.12/3.8170
Q7TUI1,EC:4.3.2.1/3.6221
Q7UZG0,EC:6.3.4.5/4.6886
Q7UZG1,EC:3.6.1.7/8.0867
Q7UZG3,EC:3.6.4.10/4.1050
Q7UZG5,EC:3.5.1.10/3.8499
Q7UZG8,EC:2.5.1.54/4.2600
Q7UZH0,EC:3.6.4.12/8.4279
Q7UZH2,EC:2.1.1.107/7.2213
Q7UZJ0,EC:3.6.4.12/6.4576
Q7UZJ1,EC:3.1.11.6/7.6814
Q7UZJ5,EC:1.4.4.2/4.0097
Q7UZK1,EC:3.1.26.5/7.5096
Q7UZK2,EC:2.7.7.6/6.6667
Q7UZK6,EC:3.4.21.53/6.8453
Q7UZK7,EC:3.4.21.92/3.8855
Q7UZL1,EC:6.3.4.19/5.6869
Q7UZL4,EC:2.7.2.4/5.0530
Q7UZL6,EC:2.7.7.101/8.2840
Q7UZL7,EC:2.5.1.78/3.8145
Q7UZM2,EC:2.3.1.30/4.0355
Q7UZM6,EC:1.14.99.60/9.1409
Q7UZM7,EC:1.2.5.2/8.3522
Q7UZM8,EC:3.6.4.12/8.5499
Q7UZN3,EC:3.3.1.1/3.7446
Q7UZN6,EC:7.1.2.2/7.7291
Q7UZP2,EC:2.7.7.6/7.5189
Q7UZP8,EC:2.2.1.1/2.6263
Q7UZP9,EC:2.3.1.179/4.1113
Q7UZQ0,EC:2.7.1.202/8.4871
Q7UZQ3,EC:3.4.21.88/9.6076
Q7UZQ7,EC:2.4.1.1/2.8998
Q7UZR2,EC:1.1.1.42/3.9988
Q7UZR7,EC:6.3.3.1/2.9828
Q7UZS4,EC:3.1.1.89/9.3150
Q7UZS7,EC:1.8.99.5/8.7997
Q7UZT0,EC:4.1.1.31/3.2434
Q7UZT2,EC:3.6.4.12/8.1498,EC:3.1.12.1/8.2708
Q7UZU6,EC:1.20.4.1/7.5261
Q7UZU7,EC:7.2.1.1/7.1412,EC:7.2.1.2/7.2481
Q7UZU8,EC:3.1.26.5/7.1759
Q7UZU9,EC:3.1.26.5/6.9190
Q7UZV0,EC:7.2.1.2/7.9979,EC:7.2.1.1/8.2380
Q7UZV1,EC:3.1.26.5/8.8600,EC:1.17.1.4/8.9167
Q7UZV3,EC:3.1.26.5/6.4510
Q7UZV4,EC:3.1.11.6/7.6820
Q7UZV5,EC:3.1.26.5/7.4441
Q7UZV6,EC:2.1.1.282/7.9795
Q7UZV7,EC:2.7.7.6/6.3498
Q7UZV8,EC:3.1.26.5/6.8919
Q7UZV9,EC:3.5.4.33/7.0596
Q7UZW1,EC:2.7.7.6/7.7753
Q7UZW2,EC:3.6.4.12/8.5398
Q7UZW5,EC:4.6.1.16/8.3407,EC:3.5.1.44/8.3452
Q7UZW7,EC:3.1.26.5/8.0027
Q7UZW8,EC:3.1.26.5/8.1872
Q7UZW9,EC:4.6.1.17/7.8435
Q7UZX0,EC:4.4.1.24/7.9727
Q7UZX1,EC:5.6.2.2/6.9773
Q7UZX5,EC:3.1.1.114/8.9428
Q7UZX6,EC:1.14.99.60/8.4072,EC:1.10.3.9/8.5140,EC:7.1.1.8/8.5211
Q7UZY5,EC:7.1.1.1/7.7268
Q7UZY6,EC:3.6.5.n1/5.8277
Q7UZY7,EC:3.6.5.3/7.6626
Q7UZY8,EC:3.1.26.5/6.4962
Q7UZZ4,EC:3.6.4.12/8.0491
Q7UZZ9,EC:2.7.7.101/7.3798
Q7V001,EC:5.6.2.2/7.1240
Q7V002,EC:3.1.13.1/7.4286
Q7V005,EC:3.5.4.4/7.5362
Q7V016,EC:2.1.1.170/6.8816
Q7V028,EC:2.4.1.141/8.5865,EC:1.2.3.1/8.6203,EC:2.4.1.115/8.6965
Q7V032,EC:1.8.98.1/9.4872
Q7V034,EC:3.1.11.6/8.0323
Q7V035,EC:3.1.11.6/8.4760
Q7V036,EC:2.7.4.3/8.0668
Q7V038,EC:1.2.1.70/8.8172
Q7V043,EC:2.7.7.18/6.4860
Q7V048,EC:2.7.7.6/8.0462
Q7V050,EC:2.3.2.27/8.8523,EC:4.1.1.22/8.9073,EC:1.8.5.2/8.9100,EC:2.7.8.29/8.9584
Q7V052,EC:2.4.2.8/5.8464
Q7V054,EC:2.7.7.6/5.4594
Q7V089,EC:3.6.1.73/8.5203
Q7V0B5,EC:1.1.1.95/3.2533,EC:1.1.1.399/3.5879
Q7V0C1,EC:7.2.4.3/8.2543
Q7V0C2,EC:3.6.1.73/8.4006,EC:3.1.1.29/8.4506
Q7V0C3,EC:2.7.1.205/8.7892
Q7V0C5,EC:2.7.13.3/5.0103
Q7V0C6,EC:6.3.4.13/5.8370
Q7V0C7,EC:6.3.2.6/4.1570
Q7V0D2,EC:2.4.1.182/4.9675
Q7V0D3,EC:1.8.4.11/4.6294
Q7V0E9,EC:2.7.8.8/8.5011
Q7V0F1,EC:3.4.21.92/3.1099
Q7V0G2,EC:1.8.1.4/3.6559
Q7V0H0,EC:1.2.4.1/4.1386
Q7V0H6,EC:3.6.5.3/7.9453
Q7V0I6,EC:3.1.3.5/3.8012
Q7V0J3,EC:2.1.3.3/4.2449
Q7V0J5,EC:1.1.1.22/4.2746
Q7V0J6,EC:4.1.1.35/7.1160
Q7V0M3,EC:1.1.1.133/7.3845
Q7V0N8,EC:2.7.7.70/6.3626,EC:2.7.1.167/6.3660
Q7V0P2,EC:3.1.3.83/5.3956
Q7V0P7,EC:5.1.3.2/4.7785
Q7V0P8,EC:4.2.1.47/3.9270
Q7V0R0,EC:2.7.7.13/5.0008
Q7V0R3,EC:2.1.1.198/4.5037
Q7V0R6,EC:3.4.21.102/8.5129
Q7V0R8,EC:1.5.5.2/7.8761
Q7V0S0,EC:3.1.26.5/5.9667
Q7V0S1,EC:1.2.7.7/8.0553
Q7V0S3,EC:4.1.1.111/8.2586
Q7V0T8,EC:6.1.1.14/4.3852
Q7V0U2,EC:6.3.5.11/7.9220,EC:6.3.5.9/7.9767
Q7V0U3,EC:3.6.1.9/4.7211
Q7V0U6,EC:7.1.1.8/7.5840
Q7V0U7,EC:5.2.1.8/7.6271
Q7V0V2,EC:1.8.1.9/4.4331
Q7V0V6,EC:7.1.1.1/7.8957
Q7V0V7,EC:7.1.1.1/3.7124
Q7V0W2,EC:2.7.7.7/3.7729
Q7V0W4,EC:2.7.1.193/8.9922,EC:7.1.1.1/9.0596
Q7V0X5,EC:2.4.2.7/4.4064
Q7V0X9,EC:5.2.1.13/7.5474
Q7V0Z1,EC:2.7.7.101/8.2160
Q7V0Z7,EC:2.7.7.101/7.1400
Q7V100,EC:1.20.4.4/9.7528
Q7V102,EC:2.5.1.31/5.8742
Q7V106,EC:3.6.4.6/5.7715
Q7V110,EC:2.4.1.25/4.1180
Q7V113,EC:2.7.13.3/5.4371
Q7V115,EC:1.18.1.2/6.1219
Q7V129,EC:2.1.1.86/8.2960,EC:7.1.1.9/8.4505
Q7V131,EC:2.1.1.200/5.9786
Q7V133,EC:6.3.3.2/6.4020
Q7V174,EC:1.3.1.91/9.1037
Q7V180,EC:3.4.11.2/6.5519
Q7V1B0,EC:6.5.1.9/8.0062
Q7V1B1,EC:2.1.1.63/8.8678,EC:3.1.1.1/8.9291
Q7V1B2,EC:3.5.1.102/8.7158
Q7V1B3,EC:1.6.5.2/8.3151
Q7V1B4,EC:3.5.1.5/4.0720
Q7V1B5,EC:3.5.1.5/4.5635
Q7V1C4,EC:1.8.4.11/3.7037
Q7V1C8,EC:2.1.1.221/8.1243
Q7V1D0,EC:6.3.5.7/3.4962
Q7V1D1,EC:2.7.7.7/5.6551
Q7V1D3,EC:3.6.4.12/5.3706
Q7V1D6,EC:2.7.7.101/4.0191
Q7V1D9,EC:2.1.1.177/6.4276
Q7V1E4,EC:1.2.4.1/4.1560
Q7V1E5,EC:2.4.1.129/8.5505,EC:3.6.4.6/8.5903
Q7V1E6,EC:3.4.21.102/8.3001
Q7V1F3,EC:6.3.1.2/5.2133,EC:5.4.4.3/5.3398
Q7V1F4,EC:2.6.1.44/7.4444
Q7V1G1,EC:2.7.1.40/3.9250
Q7V1G5,EC:4.3.1.19/4.2797
Q7V1H0,EC:2.7.7.6/7.5473
Q7V1H2,EC:3.1.3.25/4.5097
Q7V1H4,EC:3.6.4.10/6.3347
Q7V1H7,EC:5.2.1.8/6.9906
Q7V1I2,EC:6.1.1.4/2.9370
Q7V1I9,EC:2.7.7.7/7.5627,EC:3.1.26.12/7.6282
Q7V1K4,EC:2.1.1.207/5.7541
Q7V1L2,EC:7.1.1.2/6.7604
Q7V1M1,EC:1.14.13.81/3.2157
Q7V1M5,EC:3.6.4.12/6.1833
Q7V1N3,EC:2.5.1.15/6.2253
Q7V1P0,EC:4.2.1.96/7.3917
Q7V1Q2,EC:1.16.3.1/6.0473
Q7V1Q4,EC:4.2.99.18/6.6039
Q7V1Q8,EC:2.7.8.5/6.8559
Q7V1R4,EC:3.1.11.6/8.7213,EC:3.1.13.1/8.7951,EC:3.1.26.5/8.8745
Q7V1R8,EC:2.3.1.191/4.4904
Q7V1S0,EC:2.7.1.19/4.3128
Q7V1S4,EC:4.1.2.13/5.7101
Q7V1S6,EC:2.6.1.42/8.0765
Q7V1T4,EC:3.1.1.31/4.5086
Q7V1T6,EC:2.7.7.27/4.3728
Q7V1T9,EC:5.1.3.1/5.4893
Q7V1U0,EC:7.1.1.2/8.4065,EC:7.1.1.9/8.4984
Q7V1U5,EC:1.3.1.83/4.2344
Q7V1U6,EC:6.1.1.14/3.8727
Q7V1U8,EC:3.4.13.22/5.5813
Q7V1U9,EC:3.6.4.12/5.8149
Q7V1V0,EC:2.7.7.101/8.8807,EC:3.6.4.12/8.9217
Q7V1W0,EC:3.4.21.92/2.0281
Q7V1W1,EC:2.8.4.2/7.8145
Q7V1W2,EC:1.14.18.3/8.7343
Q7V1X0,EC:6.5.1.1/5.6441
Q7V1X4,EC:1.17.99.9/8.5276
Q7V1X5,EC:1.17.99.9/8.2421
Q7V1Y2,EC:1.2.1.12/3.7238
Q7V213,EC:2.5.1.72/4.6536
Q7V216,EC:1.1.5.3/8.6397
Q7V217,EC:2.6.1.78/4.3850
Q7V223,EC:2.1.1.193/4.9331
Q7V226,EC:3.1.2.1/7.7588
Q7V228,EC:3.6.5.n1/5.9541
Q7V232,EC:5.4.99.21/5.9221
Q7V242,EC:4.99.1.3/6.0664
Q7V263,EC:6.1.1.21/2.8735
Q7V271,EC:3.1.3.71/4.1444
Q7V275,EC:2.4.1.21/3.8843
Q7V278,EC:3.4.21.89/5.0934
Q7V289,EC:2.7.1.39/4.1440
Q7V290,EC:3.4.24.70/5.7278
Q7V292,EC:4.1.2.25/4.3105
Q7V293,EC:1.2.1.41/4.4807
Q7V2A3,EC:3.6.4.10/6.8015,EC:3.6.4.6/6.8605,EC:3.4.21.53/6.8945
Q7V2A4,EC:4.1.2.50/7.7476
Q7V2B4,EC:1.8.1.7/5.6079
Q7V2C0,EC:2.4.2.17/3.0396
Q7V2C1,EC:3.1.2.6/5.0271
Q7V2C5,EC:2.7.7.6/8.8822
Q7V2C6,EC:2.7.7.6/7.7954
Q7V2D8,EC:1.3.1.33/7.0051
Q7V2E0,EC:3.6.1.27/9.0114
Q7V2E3,EC:5.3.1.24/4.5103
Q7V2E4,EC:3.5.4.16/5.3995
Q7V2E7,EC:1.2.1.80/4.0188
Q7V2E8,EC:4.1.99.5/5.4674
Q7V2F2,EC:2.4.2.28/4.9314
Q7V2F4,EC:2.2.1.6/4.2240
Q7V2F9,EC:3.1.11.6/8.2068
Q7V2G7,EC:3.4.21.89/7.0712
Q7V2H0,EC:6.1.1.15/3.2084
Q7V2I2,EC:3.6.1.1/6.2483
Q7V2I3,EC:3.4.17.19/6.4519
Q7V2I5,EC:4.2.1.96/3.9934
Q7V2J2,EC:3.1.11.2/5.5706
Q7V2K1,EC:7.2.4.3/7.5196
Q7V2K7,EC:7.1.1.8/7.7920,EC:7.1.1.9/7.8248,EC:1.6.5.2/7.9018
Q7V2K8,EC:1.12.1.2/7.6368
Q7V2K9,EC:2.7.4.8/3.4230
Q7V2L2,EC:2.3.1.51/8.1967
Q7V2L6,EC:2.5.1.145/5.1135
Q7V2L9,EC:2.5.1.39/6.3614
Q7V2M1,EC:2.7.7.60/5.5611
Q7V2M2,EC:1.1.1.100/3.2163
Q7V2M9,EC:7.1.1.9/5.3015
Q7V2N1,EC:7.1.1.9/6.2183
Q7V2P1,EC:2.1.1.329/5.8034,EC:2.1.1.163/6.2551
Q7V2P5,EC:3.4.16.4/5.1086
Q7V2P6,EC:2.1.1.176/5.4320
Q7V2Q1,EC:3.6.5.n1/2.3609
Q7V2Q2,EC:1.1.5.4/3.9690
Q7V2Q5,EC:2.1.1.137/5.8450
Q7V2R1,EC:3.1.26.5/8.6924
Q7V2R2,EC:2.5.1.47/3.2524
Q7V2R3,EC:2.4.99.17/5.7283
Q7V2R4,EC:2.3.1.12/4.3925
Q7V2R9,EC:3.1.26.5/7.2450
Q7V2S0,EC:4.1.2.4/8.0484
Q7V2S1,EC:1.5.1.2/4.5233
Q7V2S2,EC:2.7.1.205/7.9436,EC:5.4.99.1/7.9826
Q7V2S6,EC:3.6.4.12/7.8966
Q7V2T9,EC:1.18.6.1/7.7751
Q7V2U0,EC:4.2.1.104/3.6936
Q7V2W2,EC:7.1.1.2/8.1666
Q7V2X3,EC:1.8.98.2/8.5566
Q7V2X6,EC:7.1.1.2/8.4107
Q7V2X8,EC:2.5.1.108/8.6075
Q7V2X9,EC:3.6.4.12/8.1779
Q7V2Y0,EC:3.1.11.6/7.5500
Q7V2Y2,EC:2.1.1.297/4.5184
Q7V2Y5,EC:1.2.3.1/8.3157,EC:4.1.1.25/8.3746
Q7V2Y6,EC:2.7.7.6/7.3936,EC:5.6.2.2/7.5243
Q7V2Z2,EC:4.2.1.92/9.7740
Q7V2Z4,EC:3.6.4.12/6.4753
Q7V2Z7,EC:1.4.3.2/7.7677
Q7V2Z8,EC:7.1.1.8/8.5242,EC:1.6.5.2/8.5994
Q7V301,EC:3.1.1.1/8.2958,EC:3.1.4.12/8.3940
Q7V305,EC:2.7.8.28/7.7590
Q7V308,EC:2.7.6.3/4.2158
Q7V310,EC:4.1.99.3/4.3745
Q7V313,EC:1.3.1.9/4.6595
Q7V314,EC:4.2.1.19/2.7182
Q7V320,EC:2.4.2.10/4.3810
Q7V323,EC:1.4.3.2/7.7924
Q7V330,EC:3.4.24.85/10.1319,EC:1.11.1.7/10.2248
Q7V337,EC:4.2.1.33/3.9275
Q7V339,EC:1.14.13.8/8.6136
Q7V340,EC:7.1.1.2/7.6819,EC:1.12.1.2/7.8092
Q7V341,EC:1.4.3.2/7.6956
Q7V342,EC:3.1.1.29/3.7261
Q7V350,EC:2.1.1.33/5.7684
Q7V354,EC:1.12.1.2/6.8511
Q7V355,EC:2.1.3.2/4.3948
Q7V360,EC:3.2.1.132/8.0645,EC:4.1.2.13/8.1233
Q7V361,EC:2.7.7.4/5.0230
Q7V370,EC:4.2.1.24/4.1156
Q7V378,EC:3.4.21.53/6.3688
Q7V379,EC:7.1.1.2/7.8823
Q7V380,EC:3.4.21.88/8.7983
Q7V381,EC:2.7.7.6/7.6215
Q7V382,EC:7.1.1.1/7.2597
Q7V383,EC:5.3.1.34/8.1867,EC:2.7.1.206/8.2553,EC:2.8.4.2/8.2563
Q7V384,EC:7.1.1.1/8.2206
Q7V385,EC:3.1.26.4/6.6848
Q7V387,EC:2.6.1.9/5.6082
Q7V390,EC:2.7.2.3/3.2189
Q7V391,EC:2.8.4.2/8.6885,EC:3.1.1.29/8.7974
Q7V392,EC:5.4.99.23/3.9753
Q7V396,EC:6.1.1.19/3.8001
Q7V397,EC:2.6.1.9/5.6906
Q7V3A0,EC:2.7.1.66/7.0129
Q7V3A1,EC:3.1.3.15/9.0972
Q7V3A3,EC:5.6.2.2/7.7543
Q7V3A5,EC:5.4.4.2/4.1851
Q7V3A6,EC:2.5.1.130/6.1526
Q7V3A9,EC:3.1.2.28/4.9192
Q7V3B1,EC:2.1.1.199/5.3872
Q7V3B5,EC:5.4.99.18/4.5826
Q7V3C0,EC:2.3.3.16/3.9649,EC:2.3.3.5/4.3205
Q7V3D1,EC:4.2.1.96/6.3891
Q7V3D2,EC:1.3.5.5/4.1744
Q7V3D9,EC:2.3.1.39/4.5672
Q7V3E3,EC:3.6.4.12/8.0828
Q7V3E4,EC:3.5.2.6/8.4100
Q7V3E6,EC:2.7.4.9/5.5515
Q7V3F2,EC:2.5.1.47/3.7792
Q7V3G0,EC:1.3.5.6/4.4444
Q7V3G2,EC:4.2.1.75/4.6226
Q7V3G3,EC:3.1.26.5/6.8043
Q7V3G9,EC:4.2.3.12/6.2716
Q7V3H5,EC:1.4.3.16/4.8202
Q7V3J5,EC:2.7.1.33/5.4057
Q7V3J8,EC:3.6.4.12/5.4685
Q7V3K5,EC:2.8.1.7/4.2729,EC:4.4.1.16/4.8907
Q7V3K7,EC:3.5.1.88/4.6380
Q7V3L3,EC:7.1.1.2/7.8190
Q7V3M7,EC:6.1.1.7/8.8719
Q7V3M9,EC:4.1.1.19/4.1314
Q7V3N8,EC:2.1.1.195/5.4942
Q7V3P5,EC:2.7.7.6/8.4167
Q7V3Q0,EC:3.1.11.6/8.1102
Q7V3Q1,EC:2.7.1.78/8.4654
Q7V3Q4,EC:2.7.4.25/8.4949
Q7V3R4,EC:5.6.2.2/4.1122
Q7V3R7,EC:3.1.31.1/7.4603
Q8GBX9,EC:3.2.1.26/6.7145
Q93SN7,EC:1.3.7.3/2.4255
Q93SN8,EC:1.3.7.2/3.0231
Q93TL5,EC:1.3.7.5/3.0208
A8WI02,EC:4.2.3.115/7.9933
A8WI04,EC:1.4.3.2/7.9328
A8WI05,EC:2.1.1.86/8.4302
A8WI06,EC:7.1.1.2/8.7022
A8WI07,EC:1.4.3.2/8.6551
A8WI08,EC:1.1.2.7/7.5892
A8WI19,EC:1.14.99.63/9.5045
A8WI20,EC:3.1.11.6/6.9814
A8WI21,EC:4.2.1.129/8.9405,EC:5.4.99.17/8.9405,EC:5.4.99.55/8.9539
A8WI22,EC:7.1.1.2/7.3062
A8WI23,EC:2.1.1.86/7.8642
A8WI24,EC:1.14.13.8/7.7292
A8WI25,EC:2.3.1.61/8.3337
A8WI26,EC:3.1.1.59/7.6335
A8WI27,EC:1.11.1.7/8.7074
A8WI28,EC:7.1.1.9/8.2340
A8WI29,EC:5.4.99.5/7.6506
A8WI30,EC:7.2.4.2/7.8612
A8WI31,EC:4.2.1.129/7.8734,EC:5.4.99.17/7.8734
A8WI32,EC:3.1.4.12/8.9147
A8WI33,EC:4.2.3.114/8.2919
A8WI34,EC:4.2.1.137/9.3158
A8WI35,EC:3.1.1.4/7.0878
A8WI36,EC:1.11.1.14/8.5317
A8WI37,EC:1.12.1.2/7.4875
A8WI38,EC:2.1.2.1/8.6779
A8WI39,EC:4.2.3.10/8.3179
A8WI40,EC:3.5.2.17/8.3923
A8WI41,EC:4.1.1.22/8.2003
A8WI42,EC:2.1.1.86/7.8980
A8WI43,EC:2.1.1.86/6.9846
A8WI44,EC:2.1.1.86/8.0476
A8WI45,EC:1.16.3.1/8.5835
A8WI46,EC:1.1.5.2/7.9233
A8WI47,EC:1.14.19.68/8.3652,EC:1.2.5.2/8.4118,EC:1.14.19.64/8.4145,EC:1.14.19.73/8.4385
A8WI48,EC:4.2.3.44/8.4135
A8WI49,EC:1.12.98.3/7.3146
A8WI50,EC:3.6.1.31/8.2695
A8WI51,EC:1.2.1.3/7.9386
A8WI52,EC:2.1.1.86/7.7116
A8WI53,EC:1.8.7.2/8.9952,EC:5.1.1.17/9.0696
A8WI54,EC:2.1.1.72/5.3949
A8WI55,EC:3.5.2.17/7.6836
A8WI56,EC:3.1.26.5/8.0866,EC:3.1.2.28/8.1626
A8WI57,EC:2.1.1.86/8.1446,EC:1.15.1.1/8.2933
A8WI58,EC:4.4.1.23/8.9536,EC:3.5.1.5/8.9637
A8WI63,EC:2.3.1.61/8.2820
A8WI64,EC:1.14.14.3/8.1585,EC:5.3.1.32/8.2405
A8WI65,EC:4.2.3.114/8.7479,EC:2.3.1.9/8.7522
A8WI66,EC:5.5.1.12/8.9036
A8WI67,EC:7.2.2.1/8.5324
A8WI69,EC:3.5.1.5/8.9079
A8WI72,EC:1.1.1.37/8.0133
A8WI73,EC:1.1.1.37/8.1673
A8WI74,EC:1.11.1.7/8.0390
A8WI75,EC:2.3.1.12/7.8540
A8WI76,EC:3.2.1.39/7.7187,EC:1.5.5.2/7.7280,EC:3.2.2.22/7.8090
A8WI77,EC:2.1.1.86/8.0243,EC:3.1.1.73/8.0350
A8WI78,EC:3.1.1.1/7.8629,EC:1.11.1.7/7.9166
A8WI79,EC:1.4.3.2/6.7608
A8WI80,EC:2.1.1.86/7.9238,EC:1.15.1.1/8.0781
A8WI81,EC:5.5.1.12/7.7519
A8WI82,EC:2.8.4.1/8.2410
A8WI83,EC:2.1.1.86/8.2510
A8WI84,EC:2.7.7.6/7.3388
A8WI85,EC:5.3.1.9/8.8592,EC:3.6.1.31/8.9050
A8WI86,EC:2.1.1.86/7.5219
A8WI87,EC:2.1.1.86/7.3362
A8WI88,EC:1.1.5.2/8.8510,EC:1.11.1.5/8.9005
A8WI89,EC:3.5.4.19/8.3416
A8WI90,EC:1.14.13.244/8.5857,EC:1.14.13.7/8.6151,EC:1.4.3.2/8.6386
A8WI91,EC:7.2.4.5/8.2978
A8WI92,EC:1.10.3.9/8.7675
A8WI93,EC:1.4.3.2/8.7116
A8WI94,EC:1.7.1.13/8.4236
A8WI95,EC:4.2.1.129/9.2775,EC:5.4.99.17/9.2775
A8WI96,EC:3.4.22.37/10.5862
A8WI98,EC:3.2.1.17/7.6116
A8WI99,EC:7.2.2.1/8.9566
A8WIA0,EC:3.1.1.31/8.5557
A8WIA1,EC:1.12.1.2/8.0476
A8WIA2,EC:1.2.5.2/7.9784
A8WIA3,EC:1.3.5.4/8.2147
A8WIA4,EC:2.3.1.263/8.5710
A8WIA5,EC:3.1.3.1/8.3519
A8WIA6,EC:4.2.3.113/8.5632
A8WIA7,EC:2.7.7.6/7.6223
A8WIA8,EC:4.2.3.114/8.8014
A8WIA9,EC:1.14.13.244/8.0290
A8WIB0,EC:7.1.1.2/7.3970
A8WIB1,EC:5.4.99.55/10.0672
A8WIB2,EC:7.2.4.2/8.5866
A8WIB3,EC:1.18.6.1/8.4592,EC:7.1.1.2/8.5590,EC:1.8.2.3/8.6222,EC:7.2.1.1/8.6438
A8WIB4,EC:1.11.1.7/7.2901
A8WIB5,EC:1.20.4.1/7.7616
A8WIB6,EC:2.7.1.201/8.5665
A8WIB7,EC:1.4.3.2/7.5960
A8WIB8,EC:3.2.1.39/6.9934,EC:3.2.1.4/7.0835
A8WIB9,EC:1.14.19.68/9.2786
A8WIC0,EC:5.4.99.56/8.1343
A8WIC1,EC:2.7.1.1/8.7437
A8WIC2,EC:3.1.11.6/9.6186,EC:4.1.1.25/9.6535
A8WIC3,EC:3.1.1.1/8.4777
A8WIC4,EC:1.14.14.13/8.8555
A8WIC5,EC:3.4.22.37/9.5373,EC:2.1.1.86/9.5505
A8WIC6,EC:3.1.11.6/8.2983
A8WIC7,EC:4.1.1.28/8.4965,EC:7.2.1.1/8.5494
A8WIC8,EC:1.8.5.2/9.7737,EC:3.2.1.3/9.7889,EC:2.1.1.86/9.8089
A8WIC9,EC:1.10.3.9/7.6767
A8WID0,EC:1.15.1.1/8.4869
A8WID1,EC:1.2.5.2/8.2622
A8WID2,EC:1.2.1.3/8.3834,EC:3.4.13.23/8.4151,EC:3.4.11.5/8.4207
A8WID3,EC:2.3.1.7/8.4491
A8WID4,EC:7.1.1.8/7.7678
A8WID6,EC:2.1.1.86/7.4294
A8WID7,EC:5.4.99.56/9.1374
A8WID8,EC:3.5.1.5/7.2522
A8WID9,EC:1.8.5.2/8.0870
A8WIE0,EC:2.7.1.2/8.6683
A8WIE1,EC:4.2.1.129/9.1427,EC:5.4.99.17/9.1427
A8WIE2,EC:7.1.1.9/7.0151
A8WIE3,EC:1.4.3.2/6.8048
A8WIE4,EC:6.3.5.7/8.6189,EC:1.18.6.1/8.6349
A8WIE5,EC:2.7.1.59/9.2094
A8WIE6,EC:7.1.1.9/7.8686
A8WIE7,EC:1.12.1.2/7.6226
A8WIE8,EC:1.2.1.3/8.3167
A8WIE9,EC:4.2.3.119/8.9383
A8WIF0,EC:2.6.1.3/8.1487
A8WIF1,EC:2.7.7.6/8.0865
A8WIF2,EC:7.1.2.2/7.4791
A8WIF3,EC:3.5.4.19/7.1777
A8WIF4,EC:2.7.7.6/7.0168
A8WIF5,EC:7.1.2.2/7.3318
A8WIF6,EC:2.1.1.86/7.2396
A8WIF7,EC:1.1.1.270/9.3854
A8WIF8,EC:1.12.1.2/7.6641,EC:2.7.7.n1/7.7223,EC:7.1.1.2/7.7692
A8WIF9,EC:4.6.1.23/7.4736
A8WIG0,EC:1.11.1.9/7.6020
A8WIG1,EC:2.4.1.198/7.3146
A8WIG2,EC:5.2.1.8/8.0819
A8WIG3,EC:5.4.99.57/9.7770
A8WIG4,EC:2.1.1.86/7.8404
A8WIG5,EC:7.2.4.5/7.7546,EC:2.1.1.86/7.8727
A8WIG6,EC:2.1.1.86/7.3972,EC:7.1.1.2/7.4511
A8WIG7,EC:4.2.3.113/8.8464
A8WIG8,EC:2.3.1.85/8.0480
A8WIG9,EC:3.2.1.186/9.6241
A8WIH0,EC:1.6.5.2/9.0067
A8WIH1,EC:4.6.1.23/7.4878
A8WIH2,EC:1.2.3.4/7.7365
A8WIH3,EC:1.14.12.12/8.4333
A8WIH4,EC:3.1.11.6/9.6970
A8WIH5,EC:3.1.21.4/8.7346
A8WIH6,EC:1.2.1.3/9.0354,EC:1.3.1.9/9.0383
A8WIH7,EC:3.2.1.186/9.3175
A8WIH8,EC:3.1.11.6/8.4846
A8WIH9,EC:3.1.11.6/7.5605
A8WII0,EC:1.2.5.2/7.1169
A8WII1,EC:4.2.3.119/8.0161,EC:1.4.3.2/8.0775
A8WII2,EC:7.1.1.9/8.2005
A8WII3,EC:4.2.3.75/8.6056
A8WII4,EC:1.4.3.2/6.6160
A8WII5,EC:3.5.1.5/7.5063
A8WII6,EC:2.7.7.6/8.0043
A8WII7,EC:7.1.1.9/7.8780,EC:2.1.1.86/8.0236
A8WII8,EC:1.4.3.2/8.2372
A8WII9,EC:7.1.1.2/6.2735
A8WIJ0,EC:1.15.1.1/8.4756,EC:2.1.1.86/8.4846
A8WIJ1,EC:3.1.11.6/7.6467
A8WIJ2,EC:3.1.11.6/8.3474,EC:2.3.2.31/8.4766
A8WIJ3,EC:7.1.1.2/7.6757
A8WIJ4,EC:2.8.4.2/8.1049,EC:7.1.1.1/8.1666,EC:4.6.1.23/8.2375
A8WIJ5,EC:2.1.1.86/3.1645
A8WIJ6,EC:4.2.3.96/8.7366
A8WIJ7,EC:4.2.3.119/7.6307
A8WIJ8,EC:2.8.4.1/8.4341
A8WIJ9,EC:7.1.1.9/7.7003
A8WIK0,EC:2.4.1.198/8.2681,EC:4.1.1.17/8.2998
A8WIK1,EC:1.3.1.70/9.3330
A8WIK2,EC:1.1.2.7/7.3915
A8WIK3,EC:3.2.1.41/9.2487
A8WIK4,EC:1.2.1.71/8.5784,EC:2.6.1.36/8.6910
A8WIK5,EC:7.1.1.9/8.7298,EC:4.2.3.114/8.7619,EC:1.4.3.2/8.7717
A8WIK6,EC:3.5.4.4/8.4047,EC:2.3.1.269/8.4642,EC:6.3.4.5/8.5163,EC:1.12.1.2/8.5967,EC:3.6.1.31/8.6686
A8WIK7,EC:4.2.99.24/8.7414,EC:4.2.3.121/8.7707,EC:2.1.1.86/8.8682
A8WIK8,EC:1.11.1.7/7.0537
A8WIK9,EC:3.1.7.11/7.8475
A8WIL0,EC:2.1.1.86/10.1783
A8WIL1,EC:4.2.1.1/7.5587
A8WIL2,EC:2.1.1.86/9.6046
A8WIL3,EC:3.2.1.39/8.7662,EC:1.4.3.2/8.8002,EC:3.2.1.147/8.8215
A8WIL4,EC:3.2.1.175/8.5802
A8WIL5,EC:3.4.21.1/8.5042,EC:1.11.1.14/8.5914
A8WIL6,EC:5.5.1.12/8.6692
A8WIL7,EC:2.1.1.86/7.9823
A8WIL8,EC:1.15.1.1/7.7887,EC:1.11.1.7/7.8123
A8WIL9,EC:2.1.1.86/8.1716,EC:4.1.1.25/8.2291
A8WIM1,EC:3.2.1.147/7.5819
A8WIM2,EC:1.1.2.7/8.4861,EC:7.1.1.9/8.5036,EC:4.2.1.96/8.5521
A8WIM3,EC:1.11.1.7/8.4575
A8WIM4,EC:2.7.1.202/8.0507
A8WIM5,EC:3.1.1.88/8.1567
A8WIM6,EC:2.1.1.86/6.7790
A8WIM7,EC:3.6.1.31/8.1965
A8WIM8,EC:5.4.99.40/9.4565,EC:5.4.99.55/9.5109
A8WIM9,EC:1.10.3.2/8.6561
A8WIN0,EC:2.3.1.12/7.6471
A8WIN1,EC:4.2.3.119/6.7259,EC:4.2.3.120/6.8641
A8WIN2,EC:3.4.17.6/7.6915
A8WIN3,EC:1.2.1.3/8.1494
A8WIN4,EC:3.1.1.14/7.2391
A8WIN5,EC:1.4.9.1/8.0281,EC:7.1.1.2/8.0303,EC:1.12.98.3/8.1769
B9ER26,EC:3.1.1.1/7.7547
B9ER27,EC:5.4.99.40/9.5389
B9ER28,EC:3.1.1.4/7.4326
B9ER29,EC:3.1.1.1/7.7846
B9ER30,EC:1.11.1.7/8.6563
B9ER31,EC:4.2.3.121/8.6213
B9ER32,EC:3.2.1.4/6.0452
B9ER33,EC:1.16.1.9/9.2350
B9ER34,EC:2.3.2.27/7.6498
B9ER35,EC:3.1.1.80/8.3788
B9ER36,EC:6.3.2.36/7.8751
B9ER37,EC:4.99.1.10/7.8709
B9ER38,EC:1.11.1.27/8.0763
B9ER39,EC:2.1.1.86/8.3644
B9ER40,EC:4.1.2.13/7.6291
B9ER41,EC:1.10.3.2/9.0123,EC:1.16.3.1/9.1480
B9ER43,EC:1.2.5.2/8.1977
B9ER44,EC:5.4.99.57/8.3331
B9ER45,EC:4.2.3.16/7.3894
B9ER46,EC:3.1.11.6/8.5097
B9ER47,EC:1.2.3.4/8.6683,EC:1.1.1.398/8.7165
B9ER48,EC:2.7.7.6/8.7109
P59920,EC:2.4.2.21/6.5328
Q7TTH5,EC:2.3.1.61/8.1315,EC:3.6.1.31/8.1982
Q7TTI0,EC:7.2.4.2/8.4744
Q7TTK4,EC:1.4.3.2/8.9240,EC:1.10.3.2/8.9264
Q7TTL5,EC:1.12.1.2/8.1946
Q7TTL7,EC:1.12.1.2/8.0936
Q7TTQ2,EC:4.2.1.161/9.1308,EC:2.1.1.72/9.2066,EC:3.1.21.4/9.2676
Q7TTQ3,EC:4.6.1.24/6.6614
Q7TTQ4,EC:2.1.1.86/7.2920
Q7TU22,EC:5.4.99.60/5.6570
Q7TU26,EC:2.3.2.27/7.1429
Q7TU33,EC:2.1.1.131/8.0766
Q7TU34,EC:7.1.1.2/7.5011
Q7TU36,EC:3.1.26.12/3.5377
Q7TU37,EC:3.4.21.107/5.2931
Q7TU41,EC:2.1.1.226/6.3916,EC:2.1.1.227/6.3916
Q7TU45,EC:1.4.3.2/8.4253,EC:1.8.99.5/8.4919
Q7TU46,EC:3.4.14.2/8.9666,EC:1.8.1.8/8.9893
Q7TU47,EC:3.4.24.20/8.1478
Q7TU48,EC:5.4.99.5/8.0413
Q7TU49,EC:1.18.6.1/9.8308
Q7TU50,EC:2.4.2.6/9.4138
Q7TU51,EC:1.18.6.1/7.8339
Q7TU52,EC:4.1.1.39/8.8352
Q7TU53,EC:2.7.8.28/9.5804
Q7TU54,EC:1.14.11.56/9.3745
Q7TU55,EC:2.1.1.86/8.2609
Q7TU57,EC:2.7.7.85/7.9348
Q7TU58,EC:7.2.4.3/6.6205
Q7TU63,EC:2.1.1.208/7.0818
Q7TU68,EC:1.4.3.2/8.5758
Q7TU69,EC:3.1.21.4/7.3541
Q7TU70,EC:2.7.7.6/7.5962
Q7TU71,EC:2.7.7.6/6.4892
Q7TU72,EC:7.1.1.2/7.6334
Q7TU73,EC:2.7.7.6/7.2821
Q7TU74,EC:3.1.1.1/9.0237
Q7TU76,EC:3.7.1.13/7.1956
Q7TU78,EC:2.7.11.1/8.0562
Q7TU79,EC:4.2.3.121/7.9524,EC:1.16.3.1/7.9758
Q7TU80,EC:6.3.5.11/5.0245
Q7TU83,EC:1.14.13.39/8.9219
Q7TU84,EC:4.2.3.19/7.6503
Q7TU85,EC:4.2.3.16/8.3435
Q7TU86,EC:2.1.1.86/7.3132
Q7TU87,EC:1.5.1.20/8.0963
Q7TU89,EC:2.7.6.1/7.4079,EC:2.4.2.8/7.4480
Q7TU91,EC:2.1.1.185/8.0984
Q7TU93,EC:3.2.2.22/8.8068
Q7TU95,EC:1.11.1.24/6.8331
Q7TU98,EC:3.1.4.35/7.1205
Q7TUA1,EC:2.1.1.86/8.0547
Q7TUA2,EC:1.4.3.2/7.0668
Q7TUA4,EC:3.1.11.6/8.5093
Q7TUA5,EC:4.1.1.28/8.1220
Q7TUA6,EC:3.1.3.45/9.7749
Q7TUA8,EC:5.4.99.5/6.1983
Q7TUB0,EC:4.1.1.39/7.6322
Q7TUB1,EC:1.8.7.2/8.6454
Q7TUB2,EC:4.2.3.44/8.3698
Q7TUB3,EC:3.6.4.12/7.3568
Q7TUB4,EC:3.5.4.19/7.0956
Q7TUB5,EC:1.18.6.1/7.7909
Q7TUB6,EC:1.18.1.4/7.7583
Q7TUB7,EC:3.5.1.5/7.9988
Q7TUB8,EC:2.3.1.61/7.3705
Q7TUB9,EC:4.2.1.92/8.5442,EC:3.1.1.4/8.6312
Q7TUC0,EC:3.5.4.19/6.8116
Q7TUC1,EC:2.8.4.2/8.6655,EC:4.2.3.3/8.6942
Q7TUC9,EC:2.8.4.1/8.6636
Q7TUD2,EC:2.1.1.271/5.7119
Q7TUD3,EC:2.5.1.9/5.2814
Q7TUD4,EC:6.3.4.15/7.0309
Q7TUD7,EC:2.5.1.48/5.1449
Q7TUD9,EC:2.4.1.337/7.0280,EC:2.4.1.283/7.0768
Q7TUE1,EC:3.1.7.6/7.8892
Q7TUE2,EC:6.3.4.5/7.9386
Q7TUE3,EC:3.1.21.4/8.8767
Q7TUE4,EC:5.3.3.4/9.0067
Q7TUE5,EC:3.6.1.31/8.9441
Q7TUE7,EC:3.4.24.21/9.6903
Q7TUE8,EC:3.1.11.6/8.9745
Q7TUE9,EC:2.1.1.86/6.8139
Q7TUF0,EC:3.1.11.6/9.4469
Q7TUF1,EC:7.1.1.2/8.2060
Q7TUF2,EC:3.6.4.12/7.6679
Q7TUF6,EC:4.2.1.92/9.3646
Q7TUF7,EC:2.7.7.72/6.5454
Q7TUG2,EC:3.5.1.42/7.6444
Q7TUG3,EC:2.4.2.49/8.0645
Q7TUG4,EC:3.5.4.13/4.8395
Q7TUG6,EC:1.13.11.2/8.2402,EC:4.4.1.5/8.3393
Q7TUG7,EC:2.7.6.5/3.8854,EC:3.1.7.2/4.0118
Q7TUH5,EC:2.7.11.1/6.7592
Q7TUH6,EC:1.12.1.2/8.7607,EC:3.6.1.31/8.8166,EC:2.7.7.6/8.9106
Q7TUH7,EC:1.4.3.19/5.2150
Q7TUH8,EC:1.4.9.1/6.6532
Q7U394,EC:3.4.21.53/7.2857
Q7U395,EC:1.12.98.3/6.8689
Q7U396,EC:4.1.1.44/8.6568
Q7U397,EC:1.14.13.25/8.0678,EC:1.14.13.111/8.0747
Q7U398,EC:2.7.7.6/7.4382
Q7UZF3,EC:1.11.1.7/8.0267,EC:3.2.2.22/8.0926
Q7UZF4,EC:2.7.11.1/7.9968
Q7UZF6,EC:2.4.1.14/5.7380
Q7UZF7,EC:4.2.3.19/7.7308,EC:3.1.7.11/7.7770,EC:4.2.3.26/7.8607
Q7UZF9,EC:1.18.6.1/7.3740
Q7UZG4,EC:1.4.3.19/6.7861
Q7UZG6,EC:3.1.3.27/8.4028
Q7UZG9,EC:2.7.1.182/6.7875
Q7UZH1,EC:4.2.3.189/8.3162
Q7UZH3,EC:4.1.3.38/5.8029
Q7UZH4,EC:2.6.1.85/4.6661
Q7UZH9,EC:3.5.3.11/6.2066,EC:3.5.3.1/6.4293
Q7UZI1,EC:3.6.1.8/5.7356
Q7UZI2,EC:1.12.1.2/7.6750
Q7UZI4,EC:3.1.1.32/8.5550,EC:3.1.3.27/8.6005,EC:3.6.1.27/8.6085
Q7UZI5,EC:3.1.13.1/8.6433
Q7UZI6,EC:6.5.1.1/5.5765
Q7UZI7,EC:4.2.3.47/8.4803,EC:1.14.15.39/8.5073,EC:3.2.2.22/8.5318,EC:2.3.1.187/8.5500
Q7UZI8,EC:2.3.2.27/8.3323
Q7UZI9,EC:4.1.3.40/7.0796
Q7UZJ2,EC:1.14.19.6/8.4863
Q7UZJ3,EC:2.5.1.151/8.4368,EC:1.16.1.6/8.4368
Q7UZJ4,EC:2.9.1.2/7.7713
Q7UZJ6,EC:3.1.4.35/7.3244
Q7UZJ7,EC:2.4.1.337/6.9112
Q7UZJ8,EC:3.13.1.1/6.3891
Q7UZK0,EC:7.1.1.2/8.3913
Q7UZK3,EC:2.7.7.85/9.1412
Q7UZK4,EC:2.4.1.336/5.2179
Q7UZL2,EC:4.2.3.153/8.1384,EC:4.3.3.6/8.1413
Q7UZL5,EC:3.6.4.12/5.4884
Q7UZL8,EC:1.14.19.21/9.5874,EC:1.14.13.179/9.5991,EC:1.3.7.2/9.6248
Q7UZL9,EC:1.1.1.330/8.6176,EC:1.14.99.60/8.6953,EC:3.1.1.107/8.7551
Q7UZM0,EC:2.3.1.57/7.9770
Q7UZM3,EC:2.7.11.33/8.8214,EC:2.7.4.28/8.8214
Q7UZM5,EC:3.1.1.59/7.9572
Q7UZM9,EC:3.6.4.12/8.9199,EC:2.7.11.26/9.0093,EC:2.7.11.1/9.0451
Q7UZN0,EC:3.1.1.13/8.3421
Q7UZN1,EC:2.7.1.223/8.3094
Q7UZN2,EC:3.1.3.12/8.9127,EC:3.4.17.6/8.9589
Q7UZN4,EC:3.6.1.27/6.7762
Q7UZN5,EC:2.7.7.49/7.8499,EC:2.7.7.n1/7.8944
Q7UZN7,EC:2.7.1.23/9.4014
Q7UZN8,EC:3.1.3.27/9.2371
Q7UZN9,EC:2.7.13.3/9.6335
Q7UZP1,EC:3.5.5.8/8.0101
Q7UZP4,EC:3.5.2.6/8.4248
Q7UZP5,EC:3.5.1.127/7.2474
Q7UZP6,EC:1.1.99.22/9.2554,EC:2.1.1.86/9.3722
Q7UZQ4,EC:1.8.98.2/7.8226,EC:2.7.7.6/7.8662
Q7UZQ6,EC:5.4.99.5/7.2450
Q7UZQ8,EC:7.2.2.6/7.4342
Q7UZQ9,EC:3.1.1.23/8.6742
Q7UZR0,EC:5.1.3.15/6.9901
Q7UZR1,EC:2.7.1.219/6.6927
Q7UZR3,EC:3.1.21.4/8.8081
Q7UZR4,EC:1.14.14.18/4.0005
Q7UZR5,EC:3.1.3.48/6.6192,EC:3.1.3.2/6.6691
Q7UZR8,EC:2.3.2.27/8.1388
Q7UZR9,EC:2.4.1.227/7.9042
Q7UZS0,EC:5.4.99.5/7.8562
Q7UZS1,EC:3.1.11.1/6.1103
Q7UZS2,EC:5.6.2.2/8.0040,EC:2.1.3.15/8.0715
Q7UZS6,EC:2.7.13.3/5.7343
Q7UZS8,EC:4.1.3.27/3.8869
Q7UZS9,EC:6.3.2.2/5.4068
Q7UZT1,EC:2.3.1.57/7.1039
Q7UZT4,EC:4.4.1.37/6.9827
Q7UZT5,EC:2.7.1.21/7.3568,EC:2.5.1.17/7.5460
Q7UZT6,EC:2.7.7.80/6.0390
Q7UZT7,EC:7.1.1.2/7.0325
Q7UZT8,EC:2.7.1.172/6.3564
Q7UZT9,EC:5.2.1.13/7.3438,EC:1.3.99.39/7.6248,EC:1.5.99.13/7.8306
Q7UZU0,EC:1.3.1.12/6.7592
Q7UZU1,EC:3.6.4.12/7.0601
Q7UZU2,EC:6.6.1.2/8.6584
Q7UZU4,EC:3.1.3.77/8.0427
Q7UZU5,EC:2.8.1.8/7.5535
Q7UZX2,EC:2.1.1.63/7.7309
Q7UZX3,EC:3.1.3.92/8.7347,EC:3.1.3.69/8.7454
Q7UZX4,EC:2.4.2.53/7.6310
Q7UZX7,EC:3.4.14.13/8.6742
Q7UZX8,EC:3.5.2.6/7.1845
Q7UZX9,EC:1.14.14.3/8.4912
Q7UZY0,EC:2.7.10.1/8.2647
Q7UZY2,EC:5.3.3.4/9.6993
Q7UZY9,EC:2.7.7.6/7.9463
Q7UZZ0,EC:2.1.1.79/8.2697,EC:2.1.1.295/8.2848,EC:2.1.1.255/8.3625,EC:2.1.1.95/8.3766
Q7UZZ1,EC:4.2.3.26/8.2549
Q7UZZ5,EC:1.21.98.3/9.3918
Q7UZZ6,EC:2.4.2.53/9.4113
Q7UZZ7,EC:2.4.2.43/7.2822
Q7UZZ8,EC:2.1.1.86/7.1461
Q7V000,EC:4.4.1.22/8.0325
Q7V009,EC:1.1.1.37/8.0291
Q7V011,EC:6.3.2.36/6.9599
Q7V012,EC:3.4.24.33/8.3970
Q7V013,EC:1.15.1.1/9.4787
Q7V014,EC:1.2.4.1/9.1958
Q7V015,EC:2.4.1.69/10.0345,EC:5.1.3.34/10.0472
Q7V017,EC:1.6.5.2/8.7220
Q7V018,EC:2.7.7.6/7.7010
Q7V020,EC:2.1.1.197/6.3237
Q7V021,EC:3.1.1.1/7.0650
Q7V022,EC:2.3.1.47/4.8980
Q7V023,EC:3.6.4.12/5.1460
Q7V025,EC:3.6.1.7/7.3897,EC:3.6.1.23/7.4385,EC:3.6.1.12/7.4567
Q7V026,EC:1.4.3.2/7.0877
Q7V029,EC:1.8.1.8/7.8623
Q7V030,EC:2.4.1.129/4.8826
Q7V031,EC:2.4.1.198/8.5975
Q7V039,EC:1.5.5.1/9.5792
Q7V040,EC:6.2.1.14/7.0101
Q7V041,EC:1.3.1.53/9.2075
Q7V044,EC:3.6.4.12/8.1200,EC:4.2.3.189/8.2540,EC:4.2.3.190/8.3694
Q7V045,EC:2.7.8.35/7.0752
Q7V046,EC:3.4.11.9/5.7970
Q7V047,EC:3.1.11.6/7.5008
Q7V053,EC:3.1.21.4/6.8857,EC:5.6.2.2/7.0908
Q7V055,EC:3.1.13.1/7.8351
Q7V056,EC:3.6.1.31/7.7361
Q7V057,EC:2.7.1.160/8.2043,EC:3.2.2.21/8.2375
Q7V058,EC:2.3.2.27/7.8605
Q7V059,EC:4.2.3.15/6.9826
Q7V060,EC:3.1.1.32/8.1930
Q7V061,EC:1.11.1.7/8.3668
Q7V062,EC:1.17.4.4/9.1038,EC:7.1.1.2/9.2437,EC:1.17.1.9/9.3913
Q7V063,EC:4.2.1.1/6.8172
Q7V064,EC:1.18.6.1/8.8449
Q7V065,EC:3.1.31.1/7.6708
Q7V066,EC:1.11.1.13/9.5391
Q7V067,EC:3.7.1.7/6.9608
Q7V068,EC:1.18.6.1/8.0752
Q7V069,EC:1.14.14.18/8.2967
Q7V070,EC:1.13.11.50/8.9408
Q7V071,EC:3.1.11.6/6.8387
Q7V072,EC:7.1.1.2/8.1638
Q7V073,EC:3.6.1.31/8.0265,EC:1.12.1.2/8.0373
Q7V074,EC:3.5.1.9/7.9530
Q7V075,EC:2.1.1.86/6.7281
Q7V076,EC:3.2.1.186/9.1771
Q7V077,EC:3.1.4.12/8.4160
Q7V078,EC:2.1.1.86/6.8198
Q7V079,EC:1.13.11.49/8.9825,EC:1.3.98.5/9.0784
Q7V080,EC:2.1.1.86/7.6368
Q7V081,EC:2.1.1.45/8.2662
Q7V082,EC:2.7.1.30/8.9950,EC:6.3.5.7/8.9965
Q7V083,EC:4.1.1.61/8.1195
Q7V084,EC:2.1.1.86/6.8783
Q7V085,EC:7.6.2.6/9.1299,EC:7.6.2.2/9.2159,EC:7.3.2.2/9.2911
Q7V086,EC:1.11.1.24/7.0345
Q7V087,EC:2.1.1.223/9.3870
Q7V088,EC:1.14.19.25/6.5159
Q7V090,EC:3.1.3.18/8.1534,EC:3.1.3.23/8.1651
Q7V091,EC:3.2.2.n1/6.2133
Q7V092,EC:1.14.19.6/8.6308
Q7V093,EC:1.1.1.283/7.8762
Q7V094,EC:3.6.1.7/8.1098
Q7V095,EC:1.1.2.7/8.7304
Q7V096,EC:3.1.1.4/8.3891
Q7V097,EC:2.4.2.1/8.1455
Q7V098,EC:3.6.1.27/9.1422,EC:3.6.4.12/9.2025
Q7V099,EC:1.3.1.114/6.3126
Q7V0A0,EC:2.7.1.21/8.5374
Q7V0A1,EC:7.1.1.9/8.4983
Q7V0A2,EC:2.1.1.63/7.0003
Q7V0A3,EC:1.13.11.24/5.2287
Q7V0A4,EC:2.1.1.86/6.1838
Q7V0A6,EC:1.18.6.1/8.9699
Q7V0A7,EC:1.3.7.7/8.2826
Q7V0A8,EC:1.1.1.64/5.8120,EC:1.1.1.300/5.9445
Q7V0A9,EC:4.1.99.13/7.5790,EC:4.1.99.3/7.8366
Q7V0B0,EC:7.1.1.8/7.2195
Q7V0B1,EC:1.4.3.5/6.9058
Q7V0B2,EC:2.1.1.17/7.8798
Q7V0B3,EC:2.7.8.13/9.1285
Q7V0B4,EC:2.7.4.6/7.8017
Q7V0B6,EC:1.3.8.1/8.6738
Q7V0B7,EC:3.5.4.19/6.4718
Q7V0B8,EC:2.3.1.197/8.1603
Q7V0C0,EC:2.1.1.161/9.0226,EC:2.1.1.328/9.0786,EC:2.1.1.239/9.1688,EC:2.1.1.156/9.2623
Q7V0C8,EC:2.7.11.1/9.2799,EC:2.7.10.2/9.3609
Q7V0D1,EC:2.3.1.129/5.2402
Q7V0D5,EC:3.1.21.4/6.9658
Q7V0D6,EC:2.4.1.115/8.4833,EC:3.4.22.34/8.5362,EC:3.4.22.10/8.6274,EC:5.2.1.8/8.6955
Q7V0E0,EC:4.6.1.1/8.4810
Q7V0E1,EC:2.4.1.198/7.4466
Q7V0E2,EC:7.2.1.3/9.3814
Q7V0E3,EC:7.5.2.4/9.1442
Q7V0E4,EC:3.2.1.196/5.4755
Q7V0E5,EC:1.2.5.2/7.8456
Q7V0E6,EC:3.1.21.4/7.5634
Q7V0E7,EC:4.2.1.96/8.9467,EC:3.1.2.29/8.9625
Q7V0E8,EC:1.18.1.3/8.2152
Q7V0F3,EC:3.6.4.12/7.4265
Q7V0F4,EC:3.1.13.1/9.0431
Q7V0F5,EC:2.7.7.6/8.1332
Q7V0F8,EC:3.5.4.40/7.5305
Q7V0F9,EC:1.14.18.2/9.2655
Q7V0G3,EC:1.13.11.63/9.7231,EC:7.2.4.1/9.7395
Q7V0G4,EC:1.3.1.98/7.8246
Q7V0G5,EC:7.1.1.2/6.9589
Q7V0G6,EC:5.2.1.8/5.7151
Q7V0G9,EC:2.7.11.1/8.9422
Q7V0H1,EC:3.6.4.12/6.1325
Q7V0H3,EC:3.6.4.12/8.5359,EC:3.1.4.59/8.5568,EC:6.6.1.2/8.6074
Q7V0H4,EC:2.1.1.86/9.5248,EC:7.1.1.9/9.5761,EC:7.1.1.2/9.6336,EC:1.17.4.4/9.7332
Q7V0H5,EC:3.1.3.48/7.8251
Q7V0H8,EC:5.3.1.32/8.2760
Q7V0H9,EC:2.5.1.143/7.6351
Q7V0I0,EC:1.4.3.2/7.8255
Q7V0I1,EC:3.4.15.1/8.9474
Q7V0I2,EC:2.7.10.2/8.6270
Q7V0I5,EC:7.1.1.9/8.0219
Q7V0I9,EC:2.1.1.289/7.0624,EC:2.1.1.132/7.4150
Q7V0J0,EC:2.1.1.86/8.4367
Q7V0J1,EC:3.1.21.4/7.4438
Q7V0J7,EC:2.6.1.90/5.8649
Q7V0J8,EC:2.6.1.90/6.2085,EC:2.6.1.106/6.5042
Q7V0J9,EC:4.2.1.76/6.5621
Q7V0K0,EC:2.8.2.20/7.8265
Q7V0K1,EC:2.7.7.49/8.5504
Q7V0K2,EC:2.4.1.129/8.3723
Q7V0K3,EC:2.1.1.156/9.2908,EC:1.1.99.38/9.4310,EC:1.13.11.48/9.5415,EC:2.1.1.328/9.5965
Q7V0K4,EC:2.3.1.30/8.7256
Q7V0K5,EC:1.3.99.27/8.8793
Q7V0K6,EC:7.1.1.2/6.6632
Q7V0K7,EC:3.1.1.1/8.1215
Q7V0K8,EC:1.14.13.39/8.0961,EC:3.1.1.1/8.0993,EC:1.5.3.1/8.1295,EC:1.18.6.1/8.1388
Q7V0K9,EC:3.7.1.7/8.1057
Q7V0L0,EC:6.1.2.2/8.4403
Q7V0L1,EC:7.1.1.2/6.5496
Q7V0L2,EC:7.1.1.2/7.2549
Q7V0L3,EC:2.1.1.156/8.8521
Q7V0L4,EC:1.13.11.63/7.7056
Q7V0L5,EC:2.1.1.365/9.8427,EC:3.2.1.169/9.8432
Q7V0L6,EC:2.1.1.156/6.6961
Q7V0L7,EC:7.5.2.5/4.8769
Q7V0L8,EC:2.7.1.95/8.4156
Q7V0L9,EC:3.1.3.83/7.0695
Q7V0M0,EC:2.2.1.13/5.3584
Q7V0M1,EC:2.2.1.13/6.5384
Q7V0M2,EC:1.1.1.1/5.8376
Q7V0M4,EC:2.1.1.35/9.6727
Q7V0M5,EC:5.3.1.15/8.5825
Q7V0M6,EC:2.2.1.13/7.2561
Q7V0M7,EC:2.2.1.1/6.9059
Q7V0M8,EC:2.4.2.49/8.5094
Q7V0M9,EC:2.7.8.33/5.7199
Q7V0N0,EC:1.8.1.8/8.3506,EC:3.6.4.12/8.5354
Q7V0N1,EC:4.2.3.47/7.6708
Q7V0N2,EC:2.3.2.13/8.5173
Q7V0N3,EC:2.4.1.292/7.5662
Q7V0N4,EC:2.4.1.336/8.7600,EC:2.4.1.122/8.7610
Q7V0N5,EC:2.4.1.56/8.6044
Q7V0N6,EC:2.4.1.122/8.1704,EC:2.4.1.336/8.3126
Q7V0N7,EC:5.1.3.5/6.9531
Q7V0N9,EC:5.3.1.28/6.5663
Q7V0P0,EC:2.7.7.43/9.1015
Q7V0P1,EC:1.1.99.2/5.7034
Q7V0P3,EC:2.4.1.346/8.2581
Q7V0P4,EC:2.1.1.n8/8.4736,EC:2.1.1.156/8.6101
Q7V0P5,EC:3.4.21.107/8.9046
Q7V0P6,EC:5.1.3.6/5.6489
Q7V0Q0,EC:2.7.1.227/8.3387
Q7V0Q1,EC:4.2.1.168/6.4759,EC:2.6.1.33/6.7189
Q7V0Q2,EC:2.7.7.33/3.9094
Q7V0Q3,EC:4.2.1.76/8.5530,EC:1.1.1.133/8.6735,EC:4.2.1.45/8.7415,EC:5.1.3.13/8.8061
Q7V0Q4,EC:1.1.1.339/8.1499
Q7V0Q5,EC:5.1.3.10/5.5779
Q7V0Q6,EC:2.4.2.53/7.2521,EC:2.4.1.335/7.4250
Q7V0Q7,EC:2.4.1.335/8.6208,EC:2.4.2.53/8.6564,EC:2.7.8.6/8.7828
Q7V0Q8,EC:2.4.1.224/8.8100
Q7V0Q9,EC:2.4.2.43/8.8874
Q7V0R1,EC:5.4.99.1/7.8626,EC:2.7.7.6/7.9220
Q7V0R2,EC:2.4.1.198/7.5188
Q7V0R4,EC:3.1.3.25/5.7060
Q7V0R9,EC:7.1.1.8/8.2717
Q7V0S2,EC:3.1.1.4/8.8949
Q7V0S4,EC:3.1.3.1/8.6098
Q7V0S5,EC:2.4.1.346/9.6551
Q7V0S6,EC:2.4.1.56/8.9149
Q7V0S7,EC:2.4.2.43/6.8116
Q7V0S8,EC:3.6.4.12/8.5717
Q7V0S9,EC:3.5.4.19/7.7144
Q7V0T0,EC:1.8.5.2/8.5498,EC:1.17.99.9/8.5895
Q7V0T1,EC:1.11.1.24/8.9718,EC:1.11.1.27/8.9794
Q7V0T2,EC:3.5.1.124/8.1980,EC:5.3.1.15/8.2553
Q7V0T3,EC:3.1.21.4/9.2610
Q7V0T4,EC:2.7.7.6/7.5789
Q7V0T5,EC:2.1.1.156/9.1836
Q7V0T6,EC:5.3.3.12/8.9301,EC:4.1.1.84/9.0084
Q7V0T7,EC:1.14.13.39/7.5628
Q7V0T9,EC:1.8.4.14/8.5492
Q7V0U0,EC:3.1.1.32/8.7305
Q7V0U1,EC:2.7.7.n1/8.6917,EC:3.5.99.5/8.6920,EC:4.2.3.133/8.7021
Q7V0U9,EC:3.1.1.23/7.6452
Q7V0V0,EC:1.1.1.146/7.6150,EC:1.1.1.270/7.6359
Q7V0V1,EC:2.7.7.6/7.1867
Q7V0V3,EC:7.1.2.2/7.4881
Q7V0V4,EC:5.4.99.5/8.4605
Q7V0V5,EC:7.1.1.1/6.1131
Q7V0V8,EC:3.1.1.23/6.2283
Q7V0V9,EC:1.14.13.39/9.3598
Q7V0W3,EC:2.5.1.9/9.0659
Q7V0W5,EC:4.2.3.121/8.4974
Q7V0W6,EC:7.2.1.1/7.6071
Q7V0W7,EC:1.13.11.66/9.0350,EC:1.13.11.24/9.0415
Q7V0W9,EC:7.2.4.2/8.1014,EC:2.1.1.86/8.1079
Q7V0X0,EC:1.2.5.2/7.7945,EC:1.14.14.13/7.8488
Q7V0X1,EC:1.4.3.2/7.3353
Q7V0X2,EC:2.7.7.49/8.6072
Q7V0X3,EC:3.1.6.2/7.4232
Q7V0X4,EC:2.1.1.86/7.5583
Q7V0X6,EC:1.4.9.2/9.3954
Q7V0X7,EC:2.4.1.255/8.7481,EC:3.1.1.1/8.7489
Q7V0X8,EC:7.1.1.8/9.5022,EC:3.4.22.8/9.5152,EC:1.4.9.2/9.5342
Q7V0Y0,EC:7.1.1.2/7.8992
Q7V0Y1,EC:3.1.4.52/8.4713
Q7V0Y2,EC:2.4.1.44/8.4744,EC:5.4.99.5/8.5359,EC:2.7.1.2/8.5390
Q7V0Y3,EC:2.7.1.205/7.9424
Q7V0Y4,EC:4.2.3.113/8.1949
Q7V0Y5,EC:1.11.1.1/8.5950
Q7V0Y6,EC:2.3.1.270/6.7676
Q7V0Y8,EC:1.13.11.49/8.2525,EC:4.2.1.51/8.3918
Q7V0Y9,EC:2.7.7.7/7.8023
Q7V0Z0,EC:1.14.99.60/9.1333,EC:1.17.99.9/9.1672
Q7V0Z2,EC:3.1.11.5/5.8277
Q7V0Z3,EC:3.6.4.13/4.3462
Q7V0Z4,EC:1.8.4.14/7.4952
Q7V0Z5,EC:7.6.2.2/5.5892
Q7V0Z6,EC:3.1.1.5/8.1425
Q7V0Z9,EC:1.14.15.24/9.3184,EC:3.4.23.52/9.3927,EC:2.1.1.63/9.4188
Q7V105,EC:2.3.1.258/7.4649
Q7V107,EC:1.1.1.6/8.2888,EC:2.3.1.101/8.3654
Q7V108,EC:1.2.99.10/8.7763,EC:4.1.1.18/8.8021
Q7V109,EC:2.7.11.1/8.3344
Q7V112,EC:3.6.1.25/9.8561,EC:3.1.21.4/9.8807
Q7V114,EC:2.4.1.198/9.2857
Q7V117,EC:1.14.16.2/7.7698
Q7V118,EC:2.3.1.275/8.6549
Q7V119,EC:2.5.1.29/3.3966,EC:2.5.1.10/3.4465,EC:2.5.1.1/3.6654
Q7V120,EC:2.7.7.19/8.0725
Q7V122,EC:2.4.1.18/7.5131
Q7V123,EC:5.5.1.18/8.6010
Q7V125,EC:1.1.1.205/6.8771
Q7V126,EC:5.3.4.1/8.7279
Q7V128,EC:2.1.1.171/8.7300
Q7V130,EC:1.6.5.2/7.5494
Q7V134,EC:4.2.1.96/8.4879
Q7V136,EC:2.7.7.n1/8.3629
Q7V137,EC:3.1.1.1/8.5780
Q7V138,EC:7.6.2.6/8.6049
Q7V139,EC:3.1.1.1/8.3368
Q7V140,EC:2.7.13.3/8.7805
Q7V141,EC:7.2.4.2/8.7377
Q7V142,EC:2.7.1.213/7.9384
Q7V143,EC:5.4.99.5/6.7134
Q7V144,EC:2.3.1.197/8.1813,EC:2.3.1.30/8.2949
Q7V145,EC:1.14.20.4/8.8390,EC:2.4.2.6/8.9211
Q7V146,EC:2.7.11.7/9.0672
Q7V147,EC:2.7.7.65/8.4023
Q7V148,EC:6.3.2.3/6.9558
Q7V149,EC:7.2.4.1/9.3757
Q7V150,EC:7.1.1.2/6.9025,EC:2.7.7.6/7.1105
Q7V151,EC:2.1.1.86/6.4599
Q7V152,EC:3.1.1.1/8.5651,EC:3.1.1.67/8.6727
Q7V153,EC:6.3.3.3/8.6975
Q7V154,EC:2.7.3.9/8.3431,EC:3.1.1.45/8.5126
Q7V155,EC:7.3.2.2/9.0005,EC:7.2.2.11/9.0917
Q7V156,EC:5.4.99.1/8.9611
Q7V157,EC:3.6.4.12/7.8394
Q7V158,EC:6.2.1.19/7.7273
Q7V159,EC:4.2.1.96/8.2875
Q7V160,EC:3.6.1.31/8.7678,EC:1.5.1.42/8.8047,EC:3.1.2.28/8.8558
Q7V161,EC:2.1.1.86/8.1309
Q7V162,EC:2.1.1.86/6.5705
Q7V163,EC:7.1.1.2/7.4214
Q7V164,EC:5.3.99.6/9.4687
Q7V165,EC:1.2.5.2/8.7758
Q7V166,EC:5.3.3.4/8.6138,EC:5.3.1.32/8.6173,EC:4.1.1.111/8.7071
Q7V167,EC:1.8.98.2/8.4023
Q7V168,EC:2.5.1.18/7.7480
Q7V169,EC:3.1.21.4/6.9228
Q7V170,EC:4.2.1.118/8.1146
Q7V171,EC:3.1.2.28/7.0402
Q7V172,EC:4.2.1.131/8.4108
Q7V173,EC:3.6.1.31/8.2883
Q7V175,EC:4.2.3.168/7.8268
Q7V176,EC:4.2.3.44/8.8632,EC:5.5.1.12/8.8877
Q7V177,EC:1.11.1.9/5.4278,EC:1.11.1.22/5.4500
Q7V178,EC:2.1.1.86/7.8344
Q7V181,EC:3.5.2.6/8.3080
Q7V182,EC:3.1.1.59/6.8560
Q7V183,EC:4.2.3.114/8.1695,EC:3.1.2.29/8.2435,EC:4.2.3.115/8.2698,EC:4.2.3.20/8.3723
Q7V184,EC:3.1.26.5/8.3226
Q7V185,EC:2.1.1.86/7.3897
Q7V186,EC:1.18.6.1/9.1621
Q7V187,EC:7.1.1.2/7.4359,EC:2.1.1.86/7.5313,EC:1.17.4.4/7.6359
Q7V188,EC:2.3.1.57/8.9569
Q7V189,EC:3.4.15.6/7.1010
Q7V190,EC:6.2.1.14/4.8198
Q7V191,EC:1.17.8.1/7.7965
Q7V192,EC:2.7.1.185/8.7006
Q7V193,EC:7.2.4.2/8.1046,EC:4.2.3.47/8.1149
Q7V194,EC:2.4.2.6/7.2772
Q7V195,EC:5.4.99.5/7.3685
Q7V196,EC:1.12.1.2/7.8609
Q7V197,EC:1.7.1.4/7.3681,EC:2.7.11.1/7.4843
Q7V198,EC:3.6.1.27/6.9491
Q7V199,EC:3.2.1.1/9.2155
Q7V1A0,EC:7.1.1.2/8.1492
Q7V1A1,EC:2.3.1.n4/9.3496
Q7V1A2,EC:2.3.1.273/8.6391
Q7V1A3,EC:4.1.1.7/9.0993
Q7V1A4,EC:2.7.7.6/8.2255
Q7V1A5,EC:7.2.2.20/8.8183,EC:7.6.2.5/8.8297
Q7V1A6,EC:7.5.2.13/9.7128
Q7V1A7,EC:7.1.1.8/8.4671
Q7V1A8,EC:2.4.1.129/9.3308,EC:3.4.21.105/9.3917
Q7V1A9,EC:2.3.1.9/8.1284
Q7V1B7,EC:2.4.1.266/6.1477
Q7V1B8,EC:2.4.1.352/5.2920
Q7V1B9,EC:3.1.3.70/6.9938
Q7V1C0,EC:2.7.1.33/8.7687
Q7V1C1,EC:5.4.99.1/10.1061
Q7V1C2,EC:2.7.7.6/6.8574
Q7V1C5,EC:7.6.2.2/5.2076
Q7V1C6,EC:6.3.2.36/8.5003
Q7V1C9,EC:2.7.7.6/8.0720,EC:7.1.1.2/8.0948
Q7V1D2,EC:1.1.1.100/8.0429
Q7V1D4,EC:7.1.1.2/7.3525
Q7V1D5,EC:7.6.2.2/7.7998
Q7V1D7,EC:2.7.7.7/5.6699
Q7V1D8,EC:2.7.7.6/8.0003
Q7V1E0,EC:3.1.4.35/7.7538
Q7V1E3,EC:2.3.2.27/7.3875
Q7V1E7,EC:2.7.7.41/9.3060
Q7V1E8,EC:2.9.1.3/4.5168
Q7V1E9,EC:4.1.1.97/8.0226
Q7V1F0,EC:3.6.1.7/8.0783
Q7V1F1,EC:3.1.1.4/8.0995
Q7V1F2,EC:3.1.1.108/9.3498
Q7V1F5,EC:3.5.4.33/4.6716
Q7V1F6,EC:4.1.1.25/7.2895
Q7V1F7,EC:3.6.4.12/6.6439
Q7V1F9,EC:2.4.1.129/7.8004
Q7V1G0,EC:7.5.2.6/9.0830
Q7V1G2,EC:3.6.1.31/5.9828
Q7V1G3,EC:4.2.3.113/8.4498
Q7V1G4,EC:2.3.2.27/7.0184
Q7V1G7,EC:7.2.4.3/7.2404
Q7V1G8,EC:7.1.1.2/8.1458
Q7V1G9,EC:1.14.18.3/11.3414
Q7V1H1,EC:3.6.4.10/7.3945
Q7V1H3,EC:4.4.1.22/8.1248
Q7V1H5,EC:5.2.1.8/7.2851
Q7V1H6,EC:2.3.2.30/8.5094
Q7V1I4,EC:2.8.1.7/6.6710
Q7V1I5,EC:2.5.1.46/7.9727
Q7V1I6,EC:3.4.16.4/6.6470
Q7V1I8,EC:1.5.1.36/7.1139
Q7V1J1,EC:3.1.4.57/7.5103
Q7V1J2,EC:2.1.1.86/8.6572
Q7V1J4,EC:3.1.7.11/8.4253
Q7V1J5,EC:2.5.1.151/7.9282,EC:1.16.1.6/7.9282
Q7V1J6,EC:2.7.7.53/8.2457
Q7V1J7,EC:4.2.2.n1/7.9878
Q7V1J9,EC:3.1.13.1/6.7293
Q7V1K1,EC:2.3.1.164/9.1404
Q7V1K2,EC:1.4.9.1/7.6359
Q7V1K5,EC:2.7.7.6/6.9405
Q7V1K6,EC:3.9.1.3/7.7573,EC:2.7.7.6/7.8694
Q7V1K7,EC:5.4.99.5/8.2243
Q7V1K8,EC:4.2.3.47/7.1694
Q7V1K9,EC:1.11.1.24/4.6036
Q7V1L0,EC:3.1.1.108/8.5417
Q7V1L3,EC:3.1.11.6/7.5811,EC:7.1.1.2/7.6832
Q7V1L4,EC:3.1.3.101/8.6430,EC:2.7.1.4/8.7413
Q7V1L5,EC:4.4.1.22/8.7054
Q7V1L6,EC:2.3.1.12/8.1686
Q7V1L7,EC:3.1.11.6/9.2837
Q7V1L8,EC:3.1.13.1/5.7084
Q7V1L9,EC:2.4.1.198/6.3392
Q7V1M0,EC:2.7.7.6/7.9125
Q7V1M2,EC:2.8.3.5/9.7297
Q7V1M3,EC:3.1.1.1/9.3087
Q7V1M4,EC:2.7.8.39/8.9179
Q7V1M6,EC:2.1.1.86/7.8606
Q7V1M7,EC:4.2.3.197/7.5449
Q7V1M8,EC:1.14.14.13/7.4595,EC:2.7.7.n1/7.4999
Q7V1M9,EC:1.14.13.240/7.2577,EC:1.14.99.60/7.4679
Q7V1N0,EC:3.1.21.4/8.3801
Q7V1N5,EC:2.3.2.27/9.2949
Q7V1N6,EC:7.5.2.6/5.6638
Q7V1N7,EC:2.1.1.86/6.8734
Q7V1N9,EC:3.6.4.12/8.6416
Q7V1P1,EC:1.1.1.212/8.5751
Q7V1P2,EC:6.4.1.1/8.8203
Q7V1P3,EC:3.5.4.19/7.4378
Q7V1P4,EC:3.1.11.6/7.8353
Q7V1P5,EC:2.5.1.151/8.5510,EC:1.16.1.6/8.5510,EC:3.1.3.11/8.5601,EC:2.7.7.66/8.5893,EC:2.7.7.6/8.5943
Q7V1P6,EC:2.1.1.86/7.6846
Q7V1P7,EC:1.14.13.39/7.9852,EC:3.5.4.19/7.9899
Q7V1P8,EC:1.16.3.1/7.5156
Q7V1P9,EC:1.14.19.21/7.4049
Q7V1Q0,EC:7.3.2.5/8.8619
Q7V1Q1,EC:4.2.3.113/10.3262
Q7V1Q3,EC:7.2.2.7/5.6464
Q7V1Q5,EC:1.5.1.30/7.8087
Q7V1Q6,EC:1.12.1.2/7.3506
Q7V1Q7,EC:4.2.1.1/7.9469
Q7V1Q9,EC:5.1.3.10/9.2950
Q7V1R0,EC:4.6.1.1/8.1704,EC:3.6.4.12/8.2266
Q7V1R1,EC:3.1.1.32/8.9285
Q7V1R2,EC:3.5.1.5/7.8973
Q7V1R3,EC:6.2.1.35/8.5561
Q7V1R5,EC:4.1.99.25/8.3600,EC:2.7.7.6/8.3646
Q7V1R6,EC:3.1.3.27/7.8286,EC:3.1.3.3/8.0212
Q7V1S2,EC:1.2.99.6/8.3131
Q7V1S3,EC:1.1.1.384/7.4421
Q7V1S7,EC:1.3.7.7/7.9829
Q7V1S8,EC:2.3.1.197/8.0241
Q7V1S9,EC:2.4.2.9/6.0755
Q7V1T0,EC:2.1.1.86/7.2752
Q7V1T2,EC:2.4.2.30/8.9152
Q7V1T3,EC:3.2.1.21/8.2276,EC:3.5.2.17/8.2785
Q7V1U1,EC:7.2.2.20/8.1116
Q7V1U2,EC:3.6.1.31/8.1699
Q7V1U4,EC:3.4.22.71/9.0557
Q7V1U7,EC:1.8.7.1/4.9870
Q7V1V1,EC:2.4.2.53/9.5136
Q7V1V2,EC:7.2.4.2/7.7925
Q7V1V3,EC:7.3.2.1/8.5171,EC:7.3.2.2/8.5361,EC:7.2.2.11/8.5560,EC:7.6.2.15/8.5586
Q7V1V4,EC:2.4.1.198/7.9051
Q7V1V5,EC:3.1.21.4/8.7830
Q7V1V6,EC:3.4.24.55/8.7512
Q7V1V7,EC:3.1.11.6/8.6207
Q7V1V8,EC:1.8.98.2/8.6765
Q7V1W3,EC:3.6.1.55/8.1967,EC:4.1.1.97/8.2896
Q7V1W4,EC:3.5.1.5/9.3490
Q7V1W5,EC:7.1.1.2/6.7841
Q7V1W6,EC:4.2.3.16/7.7946
Q7V1W7,EC:2.1.1.86/8.1096
Q7V1W8,EC:2.1.1.86/7.7524
Q7V1W9,EC:3.1.26.11/7.7479
Q7V1X1,EC:3.5.1.25/9.3204,EC:3.1.26.11/9.4264
Q7V1X2,EC:2.1.1.86/8.4168
Q7V1X6,EC:4.2.3.121/7.2301
Q7V1X7,EC:5.1.3.32/8.1985
Q7V1X8,EC:3.1.11.6/8.7244,EC:2.1.1.86/8.7672
Q7V1X9,EC:7.2.4.1/7.4366
Q7V1Y0,EC:3.6.1.31/7.7161
Q7V1Y1,EC:4.2.1.96/7.8117
Q7V1Y3,EC:7.6.2.4/10.0137,EC:2.4.1.198/10.1858
Q7V1Y4,EC:3.1.1.32/8.6289,EC:2.4.1.129/8.6330
Q7V1Y5,EC:5.3.1.9/7.9325
Q7V1Y6,EC:2.1.1.86/9.1963
Q7V1Y7,EC:3.1.8.1/8.9186,EC:3.1.3.8/8.9369,EC:3.1.1.2/9.0185
Q7V1Y8,EC:2.7.13.3/5.5056
Q7V1Y9,EC:7.6.2.14/9.7820
Q7V1Z0,EC:4.2.1.135/9.0489
Q7V1Z1,EC:4.2.1.96/7.7353
Q7V1Z2,EC:7.1.1.2/7.5464
Q7V1Z3,EC:3.1.1.59/8.4831
Q7V1Z4,EC:3.5.4.19/7.4299
Q7V1Z5,EC:2.1.1.86/6.8216
Q7V1Z6,EC:2.3.1.61/8.5745
Q7V1Z7,EC:4.2.2.25/7.9475
Q7V1Z8,EC:7.1.1.2/7.1841
Q7V1Z9,EC:3.4.19.16/8.6003
Q7V200,EC:1.1.1.398/6.8070
Q7V201,EC:3.6.1.31/7.3698
Q7V202,EC:7.3.2.1/8.7364,EC:1.18.6.1/8.7942
Q7V203,EC:1.8.5.2/9.7385
Q7V204,EC:2.1.1.86/7.7780
Q7V205,EC:3.5.4.19/7.6836
Q7V206,EC:2.3.3.5/7.9752
Q7V207,EC:7.1.1.2/7.3819
Q7V210,EC:2.1.1.320/6.6862
Q7V211,EC:3.1.11.6/8.0500
Q7V212,EC:3.1.21.4/8.5682
Q7V214,EC:3.4.21.102/4.2491
Q7V218,EC:2.1.1.210/8.9574
Q7V219,EC:7.3.2.2/7.6756
Q7V220,EC:3.6.4.12/7.6822,EC:7.1.1.2/7.8331
Q7V221,EC:3.1.1.5/8.2718,EC:2.4.2.6/8.3181
Q7V222,EC:2.7.7.67/7.2417
Q7V224,EC:1.14.13.39/8.3118
Q7V225,EC:7.2.2.11/8.3372
Q7V227,EC:1.8.1.8/8.6736,EC:3.6.4.12/8.7027
Q7V229,EC:2.1.1.197/7.7568
Q7V230,EC:1.17.4.2/4.9894
Q7V231,EC:6.5.1.2/6.7719
Q7V233,EC:2.4.1.297/8.7443
Q7V234,EC:7.1.1.2/8.7881
Q7V235,EC:7.1.1.2/8.4169,EC:7.1.1.8/8.4192
Q7V236,EC:7.1.1.2/8.0654
Q7V237,EC:1.14.14.18/8.7965
Q7V238,EC:3.11.1.2/7.8142
Q7V239,EC:2.3.1.197/7.8778
Q7V240,EC:1.1.99.13/9.8352
Q7V241,EC:1.8.98.2/8.0526
Q7V243,EC:1.1.5.12/8.4676
Q7V244,EC:7.2.2.6/8.5429
Q7V246,EC:5.4.99.5/7.0265
Q7V247,EC:1.5.1.2/7.7319
Q7V248,EC:3.1.3.69/5.2031
Q7V249,EC:1.97.1.4/9.0458,EC:4.3.99.3/9.1256
Q7V250,EC:4.2.1.96/8.4684,EC:1.18.6.1/8.4917
Q7V251,EC:3.3.2.1/8.5562
Q7V252,EC:2.1.3.15/8.4892
Q7V253,EC:1.1.1.300/6.7964
Q7V254,EC:5.5.1.18/8.1028
Q7V255,EC:1.1.1.201/7.8488
Q7V256,EC:1.8.5.1/7.5659
Q7V257,EC:2.7.7.6/7.6299,EC:1.8.98.2/7.6888
Q7V258,EC:7.2.4.2/7.5027
Q7V260,EC:2.3.2.27/7.5444
Q7V261,EC:2.1.1.63/8.3927
Q7V262,EC:2.1.1.86/7.0972
Q7V264,EC:1.4.3.2/8.2941
Q7V265,EC:3.1.11.1/7.6183,EC:2.7.7.7/7.8814
Q7V266,EC:3.1.1.108/7.8531
Q7V268,EC:2.5.1.84/5.1732,EC:2.5.1.85/5.1771,EC:2.5.1.91/5.1929
Q7V269,EC:3.5.1.28/4.3076
Q7V270,EC:3.5.1.128/4.3474
Q7V273,EC:2.5.1.16/7.6448
Q7V279,EC:3.1.1.1/8.2713
Q7V280,EC:2.3.1.80/8.1794
Q7V281,EC:3.4.23.43/9.2967
Q7V282,EC:7.3.2.2/6.3803
Q7V283,EC:3.1.1.45/8.5218
Q7V284,EC:3.6.4.12/7.4292
Q7V285,EC:1.8.98.2/8.0964
Q7V288,EC:2.7.1.2/6.5965
Q7V291,EC:3.1.1.3/6.1151
Q7V295,EC:2.1.1.86/7.1636
Q7V296,EC:1.12.1.2/7.8114
Q7V297,EC:4.2.1.96/8.5439
Q7V298,EC:3.1.1.84/8.3002
Q7V2A1,EC:5.3.3.1/7.7667
Q7V2A2,EC:1.18.6.1/8.3515
Q7V2A5,EC:2.7.11.1/8.4267,EC:2.7.11.26/8.4625,EC:3.6.4.12/8.6012
Q7V2A6,EC:7.1.1.2/8.5316,EC:1.18.6.1/8.5345
Q7V2A7,EC:6.3.2.36/8.1950,EC:1.14.13.39/8.2258
Q7V2A8,EC:5.1.3.32/8.8074
Q7V2A9,EC:3.1.4.35/8.0539
Q7V2B0,EC:7.2.4.3/7.5753
Q7V2B3,EC:3.1.1.32/7.8925,EC:3.6.1.27/7.9919
Q7V2B5,EC:1.8.5.1/8.4925,EC:2.5.1.18/8.4958
Q7V2B6,EC:2.7.7.68/6.5684
Q7V2B7,EC:2.6.1.85/9.0902
Q7V2B8,EC:2.3.1.87/6.6859
Q7V2B9,EC:7.6.2.2/5.7100
Q7V2C2,EC:3.5.99.10/4.2956
Q7V2C3,EC:3.5.4.19/7.9086
Q7V2C4,EC:4.2.1.96/7.4048
Q7V2D2,EC:3.6.1.66/4.2514
Q7V2D4,EC:4.1.1.39/8.2783
Q7V2D9,EC:7.1.1.2/6.4746
Q7V2E1,EC:2.3.1.181/5.6535
Q7V2E2,EC:3.6.4.12/8.1380
Q7V2E5,EC:1.1.1.100/8.1343,EC:1.1.1.325/8.2046
Q7V2E9,EC:2.4.2.28/8.0462
Q7V2F0,EC:5.2.1.8/8.7844
Q7V2F1,EC:1.11.1.6/8.3672
Q7V2F3,EC:3.1.26.5/8.3126
Q7V2F6,EC:2.1.1.264/8.7709,EC:2.1.1.173/8.7717
Q7V2F7,EC:2.5.1.17/6.7407
Q7V2G0,EC:1.3.99.38/8.3030
Q7V2G2,EC:3.4.16.4/4.9024
Q7V2G3,EC:3.1.1.108/7.4102
Q7V2G4,EC:2.3.1.158/8.4868,EC:2.4.1.198/8.5687
Q7V2G5,EC:3.1.3.63/6.9686
Q7V2G6,EC:3.5.2.3/6.2022
Q7V2G8,EC:1.20.4.1/6.4243,EC:3.1.3.48/6.5470
Q7V2H2,EC:2.7.1.20/6.8167
Q7V2H3,EC:4.1.1.111/7.1934
Q7V2H4,EC:1.3.1.106/4.3349
Q7V2H5,EC:7.1.1.2/8.4302
Q7V2H6,EC:4.2.3.195/9.0050
Q7V2H7,EC:7.1.1.9/8.2236
Q7V2H8,EC:1.23.5.1/7.6384
Q7V2I4,EC:4.2.1.96/8.0512
Q7V2I6,EC:6.3.3.3/8.7719
Q7V2I7,EC:3.6.4.12/7.6255,EC:7.1.1.2/7.7050
Q7V2I8,EC:2.4.1.198/7.7356
Q7V2I9,EC:4.99.1.12/5.1991
Q7V2J0,EC:2.1.1.209/8.1745
Q7V2J1,EC:1.14.18.12/8.0370,EC:5.4.99.5/8.1095
Q7V2J4,EC:5.2.1.8/8.8924
Q7V2J5,EC:2.7.7.101/7.6234
Q7V2J6,EC:4.2.3.3/7.9580
Q7V2J7,EC:4.2.1.10/8.1578
Q7V2J8,EC:5.1.3.34/7.8205
Q7V2K0,EC:3.1.1.4/8.0564
Q7V2K2,EC:4.4.1.24/8.6722
Q7V2K4,EC:3.6.4.12/8.0380
Q7V2K5,EC:1.11.1.7/7.7809
Q7V2L0,EC:5.6.2.2/6.4907
Q7V2L1,EC:2.1.1.86/7.8327
Q7V2L3,EC:1.14.13.39/7.5266
Q7V2L7,EC:2.8.4.2/8.6254
Q7V2L8,EC:3.1.4.59/8.5176
Q7V2M0,EC:3.4.17.13/6.1244
Q7V2M4,EC:3.11.1.2/7.9645
Q7V2M5,EC:2.3.1.n4/8.5672
Q7V2M6,EC:7.6.2.6/9.6452
Q7V2M8,EC:1.17.99.9/5.4858
Q7V2N2,EC:2.7.7.6/7.5666
Q7V2N3,EC:2.4.1.245/9.1773
Q7V2N4,EC:2.1.1.210/7.4431
Q7V2N5,EC:4.2.1.161/8.7794
Q7V2N6,EC:5.2.1.8/7.5427
Q7V2N9,EC:7.6.2.15/8.1017
Q7V2P0,EC:3.1.26.5/7.5156
Q7V2P3,EC:1.8.98.2/7.0514
Q7V2P4,EC:2.5.1.62/4.7499
Q7V2P7,EC:4.1.99.13/5.2337
Q7V2P8,EC:1.4.3.2/8.3113
Q7V2P9,EC:2.3.1.286/9.2684
Q7V2Q0,EC:4.2.3.123/9.5107
Q7V2Q3,EC:2.7.1.205/8.9404
Q7V2Q4,EC:2.4.1.198/6.4156
Q7V2Q6,EC:4.4.1.28/7.5660
Q7V2Q7,EC:1.5.1.42/8.4080,EC:1.1.1.298/8.5101
Q7V2Q9,EC:3.1.26.5/8.0639
Q7V2R0,EC:2.4.1.129/9.1369
Q7V2R5,EC:7.1.1.2/7.5734
Q7V2R6,EC:2.7.13.3/9.2617
Q7V2R7,EC:6.2.1.3/7.2710
Q7V2S3,EC:5.3.1.24/8.2603
Q7V2S4,EC:1.14.12.15/8.5561,EC:2.7.7.6/8.6135
Q7V2S5,EC:2.4.1.198/7.2894
Q7V2S7,EC:3.1.3.48/6.4745
Q7V2S8,EC:1.14.99.69/6.1512
Q7V2T0,EC:3.1.21.4/6.4296
Q7V2T1,EC:3.1.21.4/7.2074
Q7V2T2,EC:3.1.11.6/7.5400
Q7V2T3,EC:4.1.1.17/8.2953
Q7V2T4,EC:1.14.19.65/8.6029
Q7V2T5,EC:1.14.13.25/8.9611
Q7V2T6,EC:1.4.3.2/7.9554
Q7V2T7,EC:2.4.1.367/7.7061
Q7V2T8,EC:4.2.3.6/8.7435
Q7V2U1,EC:7.3.2.4/6.2568
Q7V2U2,EC:2.4.1.356/8.8621
Q7V2U3,EC:1.14.13.131/9.2660,EC:1.7.5.1/9.3456
Q7V2U4,EC:1.11.1.26/8.8811,EC:1.4.3.2/8.9693
Q7V2U5,EC:5.3.1.32/8.3450
Q7V2U6,EC:1.10.3.2/8.5203
Q7V2U7,EC:1.12.98.1/8.6499
Q7V2U8,EC:7.2.1.1/8.2761
Q7V2U9,EC:1.18.6.1/7.7434
Q7V2V0,EC:4.3.2.3/8.7665
Q7V2V1,EC:2.7.7.6/7.3392
Q7V2V2,EC:2.7.4.7/5.3680,EC:2.7.1.49/5.4677
Q7V2V3,EC:3.5.99.2/6.6175
Q7V2V4,EC:1.14.14.18/8.0799
Q7V2V5,EC:2.4.1.308/5.4488
Q7V2V6,EC:2.7.1.227/8.8322
Q7V2V7,EC:4.2.1.104/8.2232
Q7V2V8,EC:3.1.26.5/5.9739
Q7V2V9,EC:3.1.11.6/7.6511
Q7V2W0,EC:5.4.99.5/8.2520
Q7V2W1,EC:1.11.1.24/6.1396
Q7V2W3,EC:1.20.4.3/7.9924
Q7V2W4,EC:1.3.5.3/9.3541
Q7V2W5,EC:1.3.99.28/9.0753
Q7V2W6,EC:4.6.1.23/8.0475
Q7V2W7,EC:3.5.5.8/8.3483
Q7V2W8,EC:1.14.99.60/7.7780
Q7V2W9,EC:3.4.23.3/7.8823
Q7V2X0,EC:2.3.1.264/8.9152
Q7V2X1,EC:1.2.1.3/6.2776
Q7V2X2,EC:3.1.26.12/8.0531
Q7V2X7,EC:6.1.1.16/7.6324
Q7V2Y1,EC:2.7.7.87/6.5674
Q7V2Y3,EC:7.1.1.2/8.2480
Q7V2Y7,EC:3.5.1.88/8.4578
Q7V2Y9,EC:2.7.1.47/7.3514
Q7V2Z0,EC:3.1.3.27/9.4291,EC:2.3.1.n4/9.4613,EC:2.3.1.270/9.4691
Q7V2Z1,EC:2.1.1.86/7.6983
Q7V2Z5,EC:6.3.3.2/8.8764
Q7V302,EC:7.1.1.8/7.8379
Q7V306,EC:7.3.2.2/7.5916
Q7V307,EC:3.1.11.6/8.4827
Q7V309,EC:3.6.1.13/5.7169
Q7V311,EC:2.6.1.106/6.9164
Q7V312,EC:1.11.1.9/8.2640
Q7V315,EC:1.13.11.75/7.1701
Q7V317,EC:5.4.2.8/5.3449,EC:5.4.2.2/5.6849
Q7V318,EC:3.1.12.1/6.8103
Q7V319,EC:6.1.1.26/8.1960
Q7V321,EC:3.6.4.12/7.8908
Q7V322,EC:1.1.1.374/8.0093
Q7V325,EC:2.7.13.3/4.8687
Q7V326,EC:3.5.4.19/7.9077
Q7V327,EC:3.1.2.22/7.1699
Q7V328,EC:7.1.1.2/7.6524
Q7V331,EC:3.1.21.7/7.1921
Q7V332,EC:2.4.1.129/8.3128
Q7V333,EC:2.1.1.86/8.0183
Q7V334,EC:7.1.1.2/8.6653
Q7V338,EC:2.4.1.198/8.7985
Q7V343,EC:3.2.1.18/7.4216
Q7V344,EC:3.1.26.4/7.8835
Q7V345,EC:5.6.2.2/7.6817
Q7V346,EC:2.5.1.17/7.0913
Q7V347,EC:2.1.1.148/6.3563
Q7V348,EC:7.1.1.2/8.9286
Q7V351,EC:1.10.3.9/7.4371
Q7V353,EC:7.1.1.2/7.1099
Q7V356,EC:3.6.4.12/8.7010
Q7V357,EC:7.1.1.8/8.3869
Q7V358,EC:2.7.7.6/7.7358,EC:1.12.1.2/7.7861,EC:1.14.13.39/7.8550,EC:4.2.3.16/7.9292
Q7V363,EC:4.1.1.48/7.7133
Q7V366,EC:2.5.1.18/7.0543
Q7V367,EC:2.7.7.n1/7.5636
Q7V371,EC:2.7.8.35/8.4737
Q7V372,EC:7.2.4.2/8.1285,EC:2.4.1.198/8.2919
Q7V373,EC:3.6.1.12/8.1475
Q7V374,EC:1.8.1.9/4.8554
Q7V375,EC:2.1.1.86/7.6918
Q7V376,EC:2.7.11.1/7.2938
Q7V389,EC:5.4.99.5/8.7536,EC:1.4.1.24/8.8014
Q7V393,EC:7.2.2.11/5.8072
Q7V394,EC:1.3.1.110/8.8452
Q7V398,EC:3.5.2.6/7.9626
Q7V399,EC:4.1.3.27/4.3845
Q7V3A2,EC:1.15.1.1/7.9690,EC:7.1.1.9/7.9945
Q7V3A4,EC:1.6.5.4/8.6600,EC:3.1.1.4/8.7094
Q7V3A7,EC:4.2.1.113/7.1135
Q7V3A8,EC:6.2.1.26/8.5087,EC:6.2.1.n3/8.5463
Q7V3B2,EC:2.8.1.7/4.9295
Q7V3B3,EC:2.7.13.3/7.1551
Q7V3B4,EC:2.1.1.11/4.5741
Q7V3B7,EC:5.6.2.2/7.8708
Q7V3B8,EC:1.20.4.1/7.5886
Q7V3B9,EC:3.1.1.1/8.0690
Q7V3C3,EC:3.6.1.25/7.5693
Q7V3C4,EC:1.18.6.1/9.6452
Q7V3C5,EC:1.5.1.20/8.4995
Q7V3C7,EC:2.7.13.3/6.0700
Q7V3C9,EC:5.2.1.12/7.7781
Q7V3D0,EC:1.10.3.9/7.0630
Q7V3D3,EC:2.5.1.32/5.1089
Q7V3D4,EC:3.1.26.5/8.3027
Q7V3D5,EC:2.7.7.72/5.5841
Q7V3D6,EC:3.5.4.19/8.0110,EC:2.7.7.6/8.0834
Q7V3D7,EC:3.6.1.9/8.1619
Q7V3D8,EC:2.3.1.n4/6.9685
Q7V3E2,EC:2.7.13.3/9.1578
Q7V3E5,EC:7.2.2.9/3.8534
Q7V3E7,EC:3.6.4.12/5.4463
Q7V3E8,EC:1.18.1.5/10.2386,EC:3.1.4.52/10.2831
Q7V3E9,EC:4.2.2.7/7.0449
Q7V3F0,EC:7.6.2.15/7.2490
Q7V3F1,EC:2.1.1.86/8.1037,EC:1.10.3.9/8.1420
Q7V3F3,EC:4.2.3.131/7.9392
Q7V3F5,EC:1.1.1.157/7.8664
Q7V3F6,EC:3.1.11.6/8.8875
Q7V3F7,EC:2.4.1.227/8.8862,EC:2.4.99.12/8.9088,EC:2.4.1.182/8.9984,EC:2.4.1.46/9.0294,EC:2.4.99.13/9.1341
Q7V3F8,EC:3.5.2.6/7.9115
Q7V3F9,EC:1.12.1.2/7.0515,EC:1.18.1.3/7.1756
Q7V3G1,EC:3.1.1.1/10.0965
Q7V3G4,EC:2.4.1.47/9.2000
Q7V3G5,EC:5.3.99.3/7.9611,EC:2.5.1.18/8.0572
Q7V3G6,EC:1.3.3.3/8.7223
Q7V3G7,EC:1.18.6.1/8.2199
Q7V3H0,EC:1.1.1.302/6.7629
Q7V3H1,EC:2.3.2.29/6.1628
Q7V3H2,EC:7.1.1.2/7.5458
Q7V3H4,EC:1.8.1.8/8.5614
Q7V3H6,EC:2.3.1.251/9.2029
Q7V3H7,EC:2.4.2.48/9.1220,EC:2.6.1.97/9.1925
Q7V3H8,EC:7.5.2.6/9.4328
Q7V3H9,EC:3.1.3.25/5.9617
Q7V3I0,EC:7.6.2.6/9.3084
Q7V3I1,EC:3.1.11.6/8.0439
Q7V3I2,EC:4.2.3.119/8.9525
Q7V3I3,EC:5.3.1.12/7.9290
Q7V3I4,EC:7.2.4.2/6.6824
Q7V3I5,EC:3.4.21.107/4.4028
Q7V3I6,EC:3.6.4.12/8.7492
Q7V3I7,EC:1.14.14.13/8.6239
Q7V3I8,EC:5.4.99.5/8.3362,EC:5.4.99.67/8.4243
Q7V3I9,EC:7.1.1.2/7.8387
Q7V3J0,EC:3.5.1.44/9.6280,EC:3.1.1.61/9.7155
Q7V3J1,EC:2.4.1.129/8.2002
Q7V3J2,EC:7.2.2.6/8.5049
Q7V3J3,EC:1.6.5.12/5.1786
Q7V3J6,EC:1.11.1.24/6.4970
Q7V3J7,EC:2.7.8.7/6.1596
Q7V3J9,EC:5.4.2.2/3.9894
Q7V3K0,EC:2.7.7.6/7.8329
Q7V3K1,EC:1.8.7.2/8.2204,EC:3.6.1.31/8.2321
Q7V3K2,EC:1.14.99.66/9.6866
Q7V3K3,EC:7.6.2.5/8.8254
Q7V3K4,EC:2.3.1.191/9.1907,EC:1.12.1.2/9.2337
Q7V3K6,EC:3.4.19.1/7.8964,EC:3.4.21.26/7.9638
Q7V3K8,EC:3.6.1.29/8.9181
Q7V3K9,EC:1.4.3.2/7.5641
Q7V3L0,EC:7.6.2.8/8.2215
Q7V3L1,EC:7.1.1.2/7.4986
Q7V3L2,EC:5.2.1.8/8.1020,EC:2.1.1.86/8.1346
Q7V3L4,EC:4.2.3.47/8.6488
Q7V3L6,EC:2.4.1.227/9.5431,EC:2.4.1.182/9.5627,EC:2.4.1.268/9.5630
Q7V3L7,EC:3.1.3.3/8.7468
Q7V3L9,EC:3.1.21.4/6.9420
Q7V3M0,EC:1.8.98.2/8.5630
Q7V3M1,EC:2.4.1.198/8.3949
Q7V3M2,EC:2.1.1.173/6.8753,EC:2.1.1.264/6.8977
Q7V3M3,EC:1.1.1.65/5.8430
Q7V3M4,EC:1.3.7.7/9.2769
Q7V3N1,EC:1.6.3.4/7.5541
Q7V3N2,EC:1.5.1.38/8.5982,EC:3.6.1.1/8.6922
Q7V3N3,EC:1.6.5.2/6.6080
Q7V3N4,EC:3.4.16.4/4.9361
Q7V3N5,EC:5.2.1.8/8.1198
Q7V3N6,EC:3.1.12.1/8.5013
Q7V3N9,EC:2.6.1.51/6.6900,EC:2.6.1.45/6.9230
Q7V3P0,EC:2.7.7.6/7.5708,EC:1.12.1.2/7.6110
Q7V3P1,EC:3.1.11.6/9.2474
Q7V3P2,EC:3.1.21.4/7.7948
Q7V3P3,EC:1.1.1.133/8.0754
Q7V3P4,EC:1.1.1.262/6.3273
Q7V3P6,EC:5.2.1.8/7.1867
Q7V3Q2,EC:3.1.26.5/8.4211,EC:4.2.3.3/8.4732
Q7V3Q5,EC:1.8.4.12/5.1693
Q7V3Q7,EC:5.6.2.1/6.6686
Q7V3Q8,EC:3.1.3.3/7.7125
Q7V3R0,EC:4.2.3.187/8.4480
Q7V3R1,EC:2.7.1.66/8.4444
Q7V3R2,EC:1.17.99.6/3.9525
Q7V3R3,EC:3.5.2.6/7.2768
Q7V3R6,EC:6.2.1.57/9.1441
