Q7TU21,EC:1.2.1.11/0.9863_0.0041
Q7UZH7,EC:6.3.4.2/0.9961_0.0017
Q7UZR6,EC:6.3.2.1/0.8120_0.0551
Q7V010,EC:2.1.1.192/0.9923_0.0025
Q7V0C4,EC:2.7.11.1/0.0911_0.0452
Q7V0G1,EC:2.5.1.7/0.9539_0.0135
Q7V0G8,EC:4.2.1.136/0.9880_0.0037
Q7V0H7,EC:2.1.1.228/0.5231_0.1051
Q7V111,EC:2.7.6.1/0.9964_0.0017
Q7V1H8,EC:3.5.4.25/0.8909_0.0325,EC:4.1.99.12/0.8908_0.0325
Q7V1L1,EC:3.6.4.6/0.2109_0.0808,EC:3.6.4.10/0.1806_0.0735
Q7V274,EC:2.3.1.157/0.9893_0.0033,EC:2.7.7.23/0.9889_0.0034
Q7V2D0,EC:4.1.1.39/0.9963_0.0021
Q7V2Q8,EC:6.3.2.13/0.9927_0.0024
Q7V316,EC:3.6.1.66/0.9908_0.0029
Q7V359,EC:4.1.1.36/0.9572_0.0125,EC:6.3.2.5/0.8882_0.0333
Q7V362,EC:3.6.4.6/0.8705_0.0386
Q7V365,EC:1.10.3.9/0.9932_0.0023
O07295,EC:1.97.1.12/0.0026_0.0021
Q7TTQ1,EC:2.8.1.13/0.9893_0.0033
Q7TU15,EC:4.2.3.1/0.9923_0.0025
Q7TU17,EC:2.7.4.1/0.9963_0.0017
Q7TU25,EC:2.5.1.75/0.9859_0.0042
Q7TU31,EC:5.4.99.12/0.9926_0.0024
Q7TU32,EC:5.1.1.1/0.9794_0.0061
Q7TU39,EC:6.3.3.3/0.7293_0.0755
Q7TU40,EC:4.3.2.2/0.9964_0.0019
Q7TU44,EC:5.6.1.7/0.9958_0.0027
Q7TU60,EC:2.1.2.11/0.9906_0.0030
Q7TU66,EC:3.5.4.26/0.9914_0.0027,EC:1.1.1.193/0.9899_0.0032
Q7TU75,EC:2.1.1.74/0.9939_0.0021
Q7TU81,EC:3.5.4.9/0.9938_0.0021,EC:1.5.1.5/0.9938_0.0021
Q7TU97,EC:2.6.1.42/0.9904_0.0030
Q7TUC2,EC:4.4.1.5/0.2919_0.0958
Q7TUC4,EC:5.1.1.3/0.9653_0.0102
Q7TUC5,EC:6.3.2.10/0.9836_0.0049
Q7TUC7,EC:3.6.1.31/0.7242_0.0766,EC:3.5.4.19/0.6117_0.0965
Q7TUD1,EC:2.7.2.8/0.9945_0.0020
Q7TUF8,EC:7.1.1.2/0.0248_0.0155
Q7TUF9,EC:6.6.1.1/0.9870_0.0040
Q7TUG0,EC:2.4.2.29/0.9945_0.0020
Q7TUG1,EC:3.5.4.10/0.9931_0.0023,EC:2.1.2.3/0.9927_0.0024
Q7TUG9,EC:6.3.2.3/0.9132_0.0258
Q7TUH1,EC:1.7.5.1/0.1169_0.0545
Q7TUH3,EC:1.12.98.3/0.2482_0.0885,EC:7.1.1.2/0.1639_0.0690
Q7TUI2,EC:2.4.2.14/0.9901_0.0031
Q7UZF5,EC:2.4.1.14/0.0011_0.0010
Q7UZF8,EC:2.7.8.13/0.9756_0.0071
Q7UZG2,EC:1.1.1.25/0.9080_0.0274
Q7UZG7,EC:4.2.1.99/0.9832_0.0050,EC:4.2.1.3/0.9807_0.0057
Q7UZH5,EC:6.3.4.20/0.9711_0.0084
Q7UZH6,EC:4.3.99.3/0.9909_0.0029
Q7UZH8,EC:6.1.1.23/0.9919_0.0026,EC:6.1.1.12/0.9909_0.0029
Q7UZI0,EC:2.5.1.16/0.9959_0.0017
Q7UZI3,EC:6.1.1.9/0.9962_0.0017
Q7UZJ9,EC:2.8.1.10/0.9848_0.0045
Q7UZK5,EC:3.6.4.12/0.6596_0.0892
Q7UZK8,EC:5.2.1.8/0.9863_0.0041
Q7UZK9,EC:4.3.3.7/0.9814_0.0055
Q7UZL0,EC:3.1.4.59/0.0715_0.0374
Q7UZL3,EC:7.4.2.8/0.0017_0.0014,EC:3.1.13.1/0.0008_0.0007
Q7UZM1,EC:7.4.2.4/0.9953_0.0018
Q7UZM4,EC:5.6.2.2/0.9957_0.0017
Q7UZP0,EC:6.1.1.6/0.9962_0.0017
Q7UZP3,EC:3.6.4.12/0.9960_0.0017
Q7UZP7,EC:4.1.99.17/0.9917_0.0027
Q7UZQ1,EC:1.97.1.12/0.9918_0.0027
Q7UZQ2,EC:2.6.1.16/0.9956_0.0017
Q7UZQ5,EC:3.1.26.3/0.1804_0.0734
Q7UZS3,EC:1.3.3.3/0.9810_0.0056
Q7UZS5,EC:2.4.1.129/0.8684_0.0392
Q7UZT3,EC:4.1.1.50/0.6023_0.0977
Q7UZU3,EC:2.1.3.15/0.0039_0.0030
Q7UZV2,EC:3.1.26.5/0.0072_0.0052
Q7UZW0,EC:7.1.1.1/0.0001_0.0001
Q7UZW3,EC:2.7.4.3/0.9844_0.0047
Q7UZW4,EC:2.7.7.6/0.1845_0.0745
Q7UZW6,EC:2.7.7.6/0.9896_0.0032
Q7UZY1,EC:2.8.1.8/0.9883_0.0036
Q7UZY4,EC:4.6.1.18/0.0014_0.0012
Q7UZZ2,EC:3.1.26.4/0.9880_0.0037
Q7UZZ3,EC:2.6.1.83/0.9958_0.0017
Q7V003,EC:5.3.1.6/0.9329_0.0198
Q7V004,EC:1.1.1.23/0.9956_0.0017
Q7V006,EC:2.7.7.6/0.3105_0.0983
Q7V007,EC:2.7.7.6/0.7867_0.0618
Q7V008,EC:2.7.7.6/0.0023_0.0018
Q7V019,EC:2.6.1.62/0.9915_0.0027
Q7V024,EC:4.2.1.2/0.9956_0.0017
Q7V027,EC:1.7.1.13/0.9635_0.0107
Q7V033,EC:1.2.99.8/0.0070_0.0051
Q7V037,EC:7.1.2.2/0.9961_0.0017,EC:7.2.2.1/0.9955_0.0017
Q7V042,EC:6.3.5.1/0.8751_0.0372
Q7V049,EC:7.1.2.2/0.9950_0.0019
Q7V051,EC:5.4.2.12/0.9940_0.0021
Q7V0A5,EC:6.3.2.9/0.9852_0.0044
Q7V0B9,EC:3.1.26.11/0.9951_0.0018
Q7V0C9,EC:3.5.1.108/0.7881_0.0614
Q7V0D0,EC:4.2.1.59/0.9813_0.0055
Q7V0D4,EC:3.4.11.1/0.9905_0.0030,EC:3.4.11.10/0.9902_0.0031
Q7V0D7,EC:6.1.1.1/0.9948_0.0019
Q7V0D8,EC:4.1.1.23/0.9374_0.0185
Q7V0D9,EC:2.3.1.275/0.9850_0.0045
Q7V0F0,EC:1.1.1.86/0.9904_0.0030
Q7V0F2,EC:3.4.21.92/0.9684_0.0093
Q7V0F6,EC:6.3.2.4/0.9868_0.0040
Q7V0F7,EC:2.8.4.3/0.9851_0.0045
Q7V0G0,EC:2.6.1.11/0.9932_0.0023
Q7V0G7,EC:2.3.1.269/0.9522_0.0140
Q7V0H2,EC:3.4.21.53/0.0505_0.0282
Q7V0I3,EC:2.5.1.3/0.1963_0.0774
Q7V0I4,EC:2.7.7.2/0.9524_0.0140
Q7V0I7,EC:6.1.1.20/0.9879_0.0037
Q7V0I8,EC:2.7.1.23/0.9940_0.0021
Q7V0J2,EC:3.6.4.6/0.3329_0.1010,EC:5.6.1.1/0.2041_0.0793
Q7V0J4,EC:3.4.21.88/0.9910_0.0029
Q7V0P9,EC:1.1.1.356/0.9669_0.0097,EC:1.1.1.271/0.9650_0.0103
Q7V0R5,EC:2.7.7.8/0.9952_0.0018
Q7V0R7,EC:6.1.1.11/0.9944_0.0020
Q7V0U8,EC:2.2.1.6/0.9904_0.0030
Q7V0W0,EC:1.1.1.267/0.9662_0.0099
Q7V0W1,EC:6.1.1.16/0.9944_0.0020
Q7V0W8,EC:2.7.7.n1/0.7265_0.0761
Q7V0Y7,EC:2.6.99.2/0.9960_0.0017
Q7V0Z8,EC:2.8.1.8/0.9957_0.0017
Q7V101,EC:2.8.1.6/0.9854_0.0044
Q7V103,EC:2.7.7.85/0.8551_0.0431
Q7V104,EC:4.1.1.20/0.9849_0.0045
Q7V116,EC:1.1.1.49/0.9944_0.0020
Q7V121,EC:2.3.3.13/0.9953_0.0018
Q7V124,EC:5.6.2.2/0.9954_0.0018
Q7V127,EC:4.3.2.10/0.9720_0.0082,EC:3.5.1.2/0.9480_0.0153
Q7V132,EC:3.1.21.10/0.9865_0.0041
Q7V135,EC:1.1.1.3/0.9890_0.0034
Q7V179,EC:6.3.1.21/0.9511_0.0144
Q7V1B6,EC:3.5.1.5/0.9879_0.0037
Q7V1C3,EC:3.6.1.27/0.9707_0.0086
Q7V1C7,EC:6.3.5.5/0.9804_0.0058
Q7V1E1,EC:2.1.1.182/0.9879_0.0037
Q7V1E2,EC:2.7.1.148/0.9916_0.0027
Q7V1F8,EC:3.4.23.36/0.9660_0.0100
Q7V1G6,EC:2.2.1.7/0.9952_0.0018
Q7V1H9,EC:1.2.1.38/0.9945_0.0020
Q7V1I0,EC:2.1.2.2/0.3654_0.1039
Q7V1I1,EC:5.3.1.9/0.9841_0.0047
Q7V1I3,EC:5.1.1.7/0.9556_0.0130
Q7V1I7,EC:2.7.7.3/0.9684_0.0093
Q7V1J0,EC:7.1.1.2/0.0612_0.0330
Q7V1J3,EC:2.7.3.9/0.0131_0.0089,EC:4.1.99.17/0.0097_0.0068,EC:1.17.7.3/0.0073_0.0053
Q7V1J8,EC:6.1.1.20/0.9876_0.0038
Q7V1K0,EC:6.1.1.10/0.9728_0.0080
Q7V1K3,EC:2.7.7.62/0.0008_0.0007
Q7V1N1,EC:1.17.1.8/0.9950_0.0018
Q7V1N4,EC:5.3.1.1/0.9816_0.0054
Q7V1N8,EC:6.3.4.14/0.0410_0.0237,EC:6.4.1.2/0.0248_0.0155
Q7V1R7,EC:2.7.2.11/0.9946_0.0019
Q7V1R9,EC:1.1.1.85/0.9961_0.0017
Q7V1S1,EC:2.1.3.15/0.9959_0.0017
Q7V1S5,EC:3.5.1.2/0.9905_0.0030
Q7V1T1,EC:4.2.1.9/0.9762_0.0070
Q7V1T5,EC:1.1.1.44/0.9933_0.0023
Q7V1T7,EC:1.2.1.70/0.9810_0.0056
Q7V1T8,EC:3.1.3.37/0.9949_0.0038
Q7V1U3,EC:3.6.5.n1/0.9953_0.0018
Q7V1V9,EC:3.6.4.6/0.2686_0.0922,EC:5.6.1.1/0.1276_0.0580
Q7V1X3,EC:7.3.2.1/0.9501_0.0147
Q7V208,EC:6.3.4.18/0.9523_0.0140
Q7V209,EC:4.2.3.4/0.9926_0.0024
Q7V215,EC:1.17.7.1/0.9964_0.0019
Q7V245,EC:2.3.1.31/0.9632_0.0108
Q7V267,EC:6.2.1.1/0.9962_0.0017
Q7V272,EC:2.5.1.19/0.9905_0.0030
Q7V276,EC:4.1.3.36/0.9954_0.0018
Q7V277,EC:2.2.1.9/0.9794_0.0061
Q7V286,EC:6.1.1.2/0.9964_0.0017
Q7V287,EC:6.1.1.3/0.9963_0.0017
Q7V299,EC:2.4.1.18/0.9956_0.0017
Q7V2A0,EC:4.1.1.37/0.9948_0.0019
Q7V2B1,EC:4.2.3.119/0.0042_0.0032
Q7V2B2,EC:3.5.2.3/0.9934_0.0022
Q7V2C7,EC:4.2.1.1/0.0898_0.0447
Q7V2C8,EC:1.7.1.15/0.0006_0.0005
Q7V2C9,EC:4.2.1.104/0.0010_0.0009
Q7V2D1,EC:4.1.3.17/0.0050_0.0038,EC:4.1.1.112/0.0046_0.0035
Q7V2D3,EC:4.1.1.112/0.0065_0.0048,EC:4.1.3.17/0.0059_0.0043,EC:5.4.99.1/0.0051_0.0038,EC:2.7.1.202/0.0049_0.0037
Q7V2D5,EC:1.3.7.7/0.9936_0.0022
Q7V2D6,EC:1.3.7.7/0.9924_0.0025
Q7V2D7,EC:1.3.7.7/0.9566_0.0127
Q7V2E6,EC:2.1.3.15/0.9889_0.0034
Q7V2F5,EC:4.99.1.1/0.9963_0.0017
Q7V2F8,EC:2.7.4.22/0.9910_0.0029
Q7V2G1,EC:2.2.1.2/0.9902_0.0031
Q7V2G9,EC:3.6.1.1/0.9907_0.0029
Q7V2H1,EC:6.3.4.4/0.9946_0.0019
Q7V2H9,EC:3.6.4.12/0.1084_0.0515
Q7V2I0,EC:2.7.11.1/0.0191_0.0124,EC:3.6.4.12/0.0083_0.0060,EC:2.7.11.26/0.0058_0.0043
Q7V2I1,EC:2.5.1.61/0.9953_0.0018
Q7V2J3,EC:5.4.3.8/0.9952_0.0018
Q7V2J9,EC:3.4.11.18/0.9817_0.0054
Q7V2K3,EC:6.1.1.17/0.9940_0.0021
Q7V2K6,EC:2.3.1.234/0.9954_0.0018
Q7V2L4,EC:7.1.1.6/0.9962_0.0022
Q7V2L5,EC:2.1.1.86/0.0023_0.0018,EC:7.2.1.1/0.0016_0.0014
Q7V2M3,EC:5.6.1.7/0.9940_0.0021
Q7V2M7,EC:2.5.1.141/0.5532_0.1029
Q7V2N0,EC:7.1.1.9/0.9874_0.0038
Q7V2N7,EC:5.6.2.1/0.9859_0.0042
Q7V2N8,EC:1.12.98.3/0.0262_0.0163,EC:7.1.1.2/0.0163_0.0108
Q7V2P2,EC:4.3.2.10/0.9935_0.0022
Q7V2R8,EC:2.3.1.181/0.9865_0.0041
Q7V2S9,EC:4.2.1.10/0.9806_0.0057
Q7V2X4,EC:3.2.2.23/0.9935_0.0022,EC:4.2.99.18/0.9931_0.0023
Q7V2Y4,EC:1.97.1.12/0.3549_0.1031
Q7V2Y8,EC:2.5.1.6/0.9934_0.0022
Q7V2Z3,EC:5.4.99.5/0.0157_0.0104,EC:2.1.1.86/0.0144_0.0097
Q7V2Z6,EC:2.4.2.28/0.9800_0.0059
Q7V2Z9,EC:3.2.1.39/0.0036_0.0028
Q7V300,EC:1.4.3.2/0.0025_0.0020
Q7V303,EC:1.12.1.2/0.0013_0.0011
Q7V304,EC:1.12.7.2/0.7298_0.0754
Q7V324,EC:2.7.8.26/0.9255_0.0221
Q7V329,EC:1.17.7.4/0.9109_0.0265
Q7V335,EC:2.1.2.1/0.9960_0.0017
Q7V336,EC:4.2.1.33/0.9944_0.0020
Q7V349,EC:5.4.2.10/0.9904_0.0030
Q7V352,EC:6.1.1.5/0.9874_0.0038
Q7V364,EC:4.2.3.5/0.9923_0.0025
Q7V368,EC:3.1.1.29/0.0004_0.0004
Q7V369,EC:2.7.7.101/0.2155_0.0819
Q7V377,EC:4.2.1.11/0.9963_0.0017
Q7V386,EC:1.3.5.2/0.9745_0.0075
Q7V388,EC:2.4.1.227/0.9233_0.0227
Q7V395,EC:2.7.7.101/0.1132_0.0532
Q7V3B0,EC:1.12.98.3/0.1454_0.0636,EC:1.12.7.2/0.1310_0.0591,EC:7.1.1.2/0.0647_0.0345
Q7V3B6,EC:2.7.1.25/0.9946_0.0019
Q7V3C1,EC:1.12.98.3/0.9921_0.0026
Q7V3C2,EC:2.7.1.23/0.9955_0.0017
Q7V3C6,EC:2.7.7.13/0.9080_0.0274
Q7V3C8,EC:7.1.1.2/0.9553_0.0131
Q7V3E0,EC:2.3.1.180/0.9883_0.0036
Q7V3E1,EC:2.3.1.274/0.8551_0.0431
Q7V3F4,EC:3.5.5.8/0.0529_0.0293
Q7V3G8,EC:2.7.1.71/0.9061_0.0279
Q7V3H3,EC:2.8.4.4/0.9957_0.0017
Q7V3J4,EC:1.8.4.8/0.9664_0.0098
Q7V3L5,EC:6.4.1.2/0.9953_0.0018,EC:6.3.4.14/0.9949_0.0019
Q7V3L8,EC:3.6.4.12/0.0112_0.0078
Q7V3M5,EC:2.3.1.35/0.9893_0.0033,EC:2.3.1.1/0.9870_0.0039
Q7V3M6,EC:2.7.1.24/0.9919_0.0026
Q7V3M8,EC:2.7.4.6/0.9913_0.0028
Q7V3N0,EC:6.1.1.7/0.9964_0.0020
Q7V3N7,EC:6.3.5.2/0.9963_0.0017
Q7V3P7,EC:2.7.4.16/0.9909_0.0029
Q7V3P8,EC:6.3.2.8/0.9870_0.0039
Q7V3P9,EC:1.3.1.98/0.9856_0.0043
Q7V3Q3,EC:5.2.1.8/0.2917_0.0958
Q7V3Q6,EC:1.3.1.91/0.9891_0.0034
Q7V3Q9,EC:3.4.21.53/0.0010_0.0008
Q7V3R5,EC:6.3.5.3/0.9945_0.0020
Q93P09,EC:1.97.1.12/0.3005_0.0970
Q93P10,EC:1.10.3.9/0.9808_0.0057
Q9RC07,EC:1.97.1.12/0.9891_0.0034
Q9RC08,EC:1.97.1.12/0.9885_0.0035
P0A3A2,EC:3.6.4.12/0.8803_0.0357
P59830,EC:3.5.1.15/0.9949_0.0019
P59882,EC:5.4.99.25/0.9859_0.0043
P59907,EC:3.5.1.99/0.0001_0.0001
Q7TU16,EC:2.7.7.101/0.1024_0.0494,EC:3.6.4.12/0.0699_0.0368
Q7TU18,EC:2.1.2.10/0.9275_0.0215
Q7TU19,EC:2.7.7.49/0.0014_0.0012
Q7TU20,EC:2.5.1.9/0.1254_0.0573
Q7TU23,EC:1.7.99.1/0.0000_0.0000
Q7TU24,EC:3.1.26.5/0.4082_0.1064
Q7TU27,EC:2.7.7.6/0.2598_0.0907
Q7TU28,EC:3.1.26.5/0.0121_0.0083
Q7TU29,EC:1.2.7.7/0.0086_0.0061
Q7TU30,EC:3.9.1.3/0.0014_0.0012
Q7TU35,EC:4.2.1.51/0.9838_0.0048
Q7TU38,EC:1.1.1.399/0.0002_0.0002,EC:1.1.1.95/0.0002_0.0002
Q7TU42,EC:2.1.1.86/0.0007_0.0006
Q7TU43,EC:4.1.1.11/0.0038_0.0029
Q7TU56,EC:2.7.1.180/0.0001_0.0001
Q7TU59,EC:2.1.1.189/0.0000_0.0000
Q7TU61,EC:3.1.1.61/0.8602_0.0416
Q7TU62,EC:6.3.2.12/0.9561_0.0129
Q7TU64,EC:4.1.1.48/0.9951_0.0018
Q7TU65,EC:2.7.7.6/0.5289_0.1048
Q7TU67,EC:7.1.1.2/0.1230_0.0565
Q7TU77,EC:2.7.7.41/0.9870_0.0039
Q7TU82,EC:6.6.1.1/0.9951_0.0018
Q7TU88,EC:3.1.26.5/0.0210_0.0134
Q7TU90,EC:2.4.2.18/0.9920_0.0026
Q7TU92,EC:7.1.1.2/0.0153_0.0102
Q7TU94,EC:4.2.1.96/0.0012_0.0010,EC:2.7.7.6/0.0008_0.0007
Q7TU96,EC:1.1.1.309/0.0086_0.0061
Q7TU99,EC:1.2.7.7/0.0173_0.0113
Q7TUA0,EC:2.7.7.6/0.2313_0.0852
Q7TUA3,EC:2.1.2.9/0.9636_0.0106
Q7TUA7,EC:5.3.1.16/0.9870_0.0040
Q7TUA9,EC:4.3.1.7/0.0029_0.0023
Q7TUC3,EC:2.5.1.49/0.9911_0.0028
Q7TUC6,EC:7.1.1.2/0.9568_0.0127
Q7TUC8,EC:4.2.1.20/0.9894_0.0033
Q7TUD0,EC:1.18.6.1/0.0001_0.0001
Q7TUD5,EC:2.1.1.34/0.9878_0.0037
Q7TUD6,EC:2.5.1.48/0.9598_0.0118,EC:4.4.1.13/0.9457_0.0160
Q7TUD8,EC:3.6.4.12/0.1423_0.0627
Q7TUE0,EC:5.4.99.18/0.0066_0.0048
Q7TUE6,EC:3.4.11.5/0.9768_0.0068
Q7TUF3,EC:7.1.1.8/0.0000_0.0000
Q7TUF4,EC:3.4.21.102/0.9636_0.0107
Q7TUF5,EC:7.1.1.9/0.0001_0.0001,EC:3.2.1.186/0.0001_0.0001,EC:1.10.3.9/0.0001_0.0001
Q7TUG5,EC:3.2.2.21/0.1619_0.0684
Q7TUG8,EC:2.4.2.19/0.9848_0.0046
Q7TUH0,EC:4.2.1.20/0.9956_0.0017
Q7TUH2,EC:7.1.1.2/0.3168_0.0991
Q7TUH4,EC:7.1.1.2/0.6456_0.0915
Q7TUH9,EC:4.2.1.104/0.0017_0.0014
Q7TUI0,EC:1.2.1.12/0.9925_0.0025
Q7TUI1,EC:4.3.2.1/0.9938_0.0021
Q7UZG0,EC:6.3.4.5/0.9769_0.0068
Q7UZG1,EC:3.6.1.7/0.0054_0.0040
Q7UZG3,EC:3.6.4.10/0.9897_0.0032
Q7UZG5,EC:3.5.1.10/0.9923_0.0025
Q7UZG8,EC:2.5.1.54/0.9875_0.0038
Q7UZH0,EC:3.6.4.12/0.0015_0.0013
Q7UZH2,EC:2.1.1.107/0.0922_0.0456
Q7UZJ0,EC:3.6.4.12/0.4759_0.1070
Q7UZJ1,EC:3.1.11.6/0.0221_0.0141
Q7UZJ5,EC:1.4.4.2/0.9908_0.0029
Q7UZK1,EC:3.1.26.5/0.0388_0.0227
Q7UZK2,EC:2.7.7.6/0.3404_0.1017
Q7UZK6,EC:3.4.21.53/0.2380_0.0866
Q7UZK7,EC:3.4.21.92/0.9920_0.0026
Q7UZL1,EC:6.3.4.19/0.8588_0.0420
Q7UZL4,EC:2.7.2.4/0.9575_0.0125
Q7UZL6,EC:2.7.7.101/0.0026_0.0021
Q7UZL7,EC:2.5.1.78/0.9925_0.0025
Q7UZM2,EC:2.3.1.30/0.9905_0.0030
Q7UZM6,EC:1.14.99.60/0.0001_0.0001
Q7UZM7,EC:1.2.5.2/0.0020_0.0016
Q7UZM8,EC:3.6.4.12/0.0009_0.0008
Q7UZN3,EC:3.3.1.1/0.9930_0.0023
Q7UZN6,EC:7.1.2.2/0.0189_0.0122
Q7UZP2,EC:2.7.7.6/0.0376_0.0221
Q7UZP8,EC:2.2.1.1/0.9963_0.0017
Q7UZP9,EC:2.3.1.179/0.9897_0.0032
Q7UZQ0,EC:2.7.1.202/0.0012_0.0010
Q7UZQ3,EC:3.4.21.88/0.0000_0.0000
Q7UZQ7,EC:2.4.1.1/0.9960_0.0017
Q7UZR2,EC:1.1.1.42/0.9909_0.0029
Q7UZR7,EC:6.3.3.1/0.9959_0.0017
Q7UZS4,EC:3.1.1.89/0.0000_0.0000
Q7UZS7,EC:1.8.99.5/0.0003_0.0003
Q7UZT0,EC:4.1.1.31/0.9953_0.0018
Q7UZT2,EC:3.6.4.12/0.0043_0.0033,EC:3.1.12.1/0.0027_0.0022
Q7UZU6,EC:1.20.4.1/0.0368_0.0217
Q7UZU7,EC:7.2.1.1/0.1151_0.0539,EC:7.2.1.2/0.0855_0.0430
Q7UZU8,EC:3.1.26.5/0.1047_0.0502
Q7UZU9,EC:3.1.26.5/0.2016_0.0787
Q7UZV0,EC:7.2.1.2/0.0074_0.0054,EC:7.2.1.1/0.0031_0.0024
Q7UZV1,EC:3.1.26.5/0.0003_0.0003,EC:1.17.1.4/0.0002_0.0002
Q7UZV3,EC:3.1.26.5/0.4803_0.1069
Q7UZV4,EC:3.1.11.6/0.0221_0.0140
Q7UZV5,EC:3.1.26.5/0.0476_0.0269
Q7UZV6,EC:2.1.1.282/0.0079_0.0057
Q7UZV7,EC:2.7.7.6/0.5466_0.1035
Q7UZV8,EC:3.1.26.5/0.2145_0.0817
Q7UZV9,EC:3.5.4.33/0.1428_0.0628
Q7UZW1,EC:2.7.7.6/0.0161_0.0107
Q7UZW2,EC:3.6.4.12/0.0010_0.0008
Q7UZW5,EC:4.6.1.16/0.0021_0.0017,EC:3.5.1.44/0.0021_0.0017
Q7UZW7,EC:3.1.26.5/0.0073_0.0053
Q7UZW8,EC:3.1.26.5/0.0037_0.0029
Q7UZW9,EC:4.6.1.17/0.0128_0.0087
Q7UZX0,EC:4.4.1.24/0.0081_0.0058
Q7UZX1,EC:5.6.2.2/0.1755_0.0721
Q7UZX5,EC:3.1.1.114/0.0002_0.0002
Q7UZX6,EC:1.14.99.60/0.0016_0.0014,EC:1.10.3.9/0.0011_0.0009,EC:7.1.1.8/0.0010_0.0009
Q7UZY5,EC:7.1.1.1/0.0190_0.0123
Q7UZY6,EC:3.6.5.n1/0.8147_0.0544
Q7UZY7,EC:3.6.5.3/0.0236_0.0148
Q7UZY8,EC:3.1.26.5/0.4505_0.1073
Q7UZZ4,EC:3.6.4.12/0.0062_0.0045
Q7UZZ9,EC:2.7.7.101/0.0580_0.0316
Q7V001,EC:5.6.2.2/0.1206_0.0557
Q7V002,EC:3.1.13.1/0.0500_0.0280
Q7V005,EC:3.5.4.4/0.0356_0.0211
Q7V016,EC:2.1.1.170/0.2196_0.0828
Q7V028,EC:2.4.1.141/0.0008_0.0007,EC:1.2.3.1/0.0007_0.0006,EC:2.4.1.115/0.0005_0.0005
Q7V032,EC:1.8.98.1/0.0000_0.0000
Q7V034,EC:3.1.11.6/0.0065_0.0048
Q7V035,EC:3.1.11.6/0.0012_0.0011
Q7V036,EC:2.7.4.3/0.0058_0.0043
Q7V038,EC:1.2.1.70/0.0003_0.0003
Q7V043,EC:2.7.7.18/0.4572_0.1073
Q7V048,EC:2.7.7.6/0.0062_0.0046
Q7V050,EC:2.3.2.27/0.0003_0.0003,EC:4.1.1.22/0.0002_0.0002,EC:1.8.5.2/0.0002_0.0002,EC:2.7.8.29/0.0002_0.0002
Q7V052,EC:2.4.2.8/0.8079_0.0562
Q7V054,EC:2.7.7.6/0.9093_0.0270
Q7V089,EC:3.6.1.73/0.0010_0.0009
Q7V0B5,EC:1.1.1.95/0.9953_0.0018,EC:1.1.1.399/0.9940_0.0021
Q7V0C1,EC:7.2.4.3/0.0029_0.0023
Q7V0C2,EC:3.6.1.73/0.0017_0.0014,EC:3.1.1.29/0.0014_0.0012
Q7V0C3,EC:2.7.1.205/0.0004_0.0003
Q7V0C5,EC:2.7.13.3/0.9606_0.0115
Q7V0C6,EC:6.3.4.13/0.8113_0.0553
Q7V0C7,EC:6.3.2.6/0.9891_0.0034
Q7V0D2,EC:2.4.1.182/0.9634_0.0107
Q7V0D3,EC:1.8.4.11/0.9790_0.0062
Q7V0E9,EC:2.7.8.8/0.0011_0.0010
Q7V0F1,EC:3.4.21.92/0.9956_0.0017
Q7V0G2,EC:1.8.1.4/0.9936_0.0022
Q7V0H0,EC:1.2.4.1/0.9893_0.0033
Q7V0H6,EC:3.6.5.3/0.0089_0.0063
Q7V0I6,EC:3.1.3.5/0.9926_0.0024
Q7V0J3,EC:2.1.3.3/0.9878_0.0037
Q7V0J5,EC:1.1.1.22/0.9873_0.0039
Q7V0J6,EC:4.1.1.35/0.1232_0.0566
Q7V0M3,EC:1.1.1.133/0.0572_0.0313
Q7V0N8,EC:2.7.7.70/0.5383_0.1041,EC:2.7.1.167/0.5361_0.1043
Q7V0P2,EC:3.1.3.83/0.9198_0.0238
Q7V0P7,EC:5.1.3.2/0.9734_0.0078
Q7V0P8,EC:4.2.1.47/0.9916_0.0027
Q7V0R0,EC:2.7.7.13/0.9612_0.0113
Q7V0R3,EC:2.1.1.198/0.9826_0.0052
Q7V0R6,EC:3.4.21.102/0.0011_0.0009
Q7V0R8,EC:1.5.5.2/0.0114_0.0079
Q7V0S0,EC:3.1.26.5/0.7594_0.0686
Q7V0S1,EC:1.2.7.7/0.0060_0.0045
Q7V0S3,EC:4.1.1.111/0.0028_0.0023
Q7V0T8,EC:6.1.1.14/0.9853_0.0044
Q7V0U2,EC:6.3.5.11/0.0097_0.0068,EC:6.3.5.9/0.0080_0.0057
Q7V0U3,EC:3.6.1.9/0.9757_0.0071
Q7V0U6,EC:7.1.1.8/0.0305_0.0185
Q7V0U7,EC:5.2.1.8/0.0265_0.0164
Q7V0V2,EC:1.8.1.9/0.9842_0.0047
Q7V0V6,EC:7.1.1.1/0.0106_0.0074
Q7V0V7,EC:7.1.1.1/0.9932_0.0023
Q7V0W2,EC:2.7.7.7/0.9928_0.0024
Q7V0W4,EC:2.7.1.193/0.0002_0.0002,EC:7.1.1.1/0.0001_0.0001
Q7V0X5,EC:2.4.2.7/0.9848_0.0045
Q7V0X9,EC:5.2.1.13/0.0344_0.0205
Q7V0Z1,EC:2.7.7.101/0.0033_0.0026
Q7V0Z7,EC:2.7.7.101/0.1155_0.0540
Q7V100,EC:1.20.4.4/0.0000_0.0000
Q7V102,EC:2.5.1.31/0.7975_0.0590
Q7V106,EC:3.6.4.6/0.8337_0.0491
Q7V110,EC:2.4.1.25/0.9896_0.0032
Q7V113,EC:2.7.13.3/0.9131_0.0258
Q7V115,EC:1.18.1.2/0.6830_0.0850
Q7V129,EC:2.1.1.86/0.0025_0.0020,EC:7.1.1.9/0.0014_0.0012
Q7V131,EC:2.1.1.200/0.7541_0.0698
Q7V133,EC:6.3.3.2/0.5126_0.1057
Q7V174,EC:1.3.1.91/0.0001_0.0001
Q7V180,EC:3.4.11.2/0.4138_0.1066
Q7V1B0,EC:6.5.1.9/0.0072_0.0052
Q7V1B1,EC:2.1.1.63/0.0003_0.0003,EC:3.1.1.1/0.0002_0.0002
Q7V1B2,EC:3.5.1.102/0.0005_0.0004
Q7V1B3,EC:1.6.5.2/0.0023_0.0019
Q7V1B4,EC:3.5.1.5/0.9901_0.0031
Q7V1B5,EC:3.5.1.5/0.9810_0.0056
Q7V1C4,EC:1.8.4.11/0.9933_0.0023
Q7V1C8,EC:2.1.1.221/0.0047_0.0036
Q7V1D0,EC:6.3.5.7/0.9944_0.0020
Q7V1D1,EC:2.7.7.7/0.8673_0.0395
Q7V1D3,EC:3.6.4.12/0.9235_0.0227
Q7V1D6,EC:2.7.7.101/0.9907_0.0029
Q7V1D9,EC:2.1.1.177/0.4958_0.1065
Q7V1E4,EC:1.2.4.1/0.9891_0.0034
Q7V1E5,EC:2.4.1.129/0.0009_0.0008,EC:3.6.4.6/0.0008_0.0007
Q7V1E6,EC:3.4.21.102/0.0024_0.0020
Q7V1F3,EC:6.3.1.2/0.9431_0.0167,EC:5.4.4.3/0.9279_0.0213
Q7V1F4,EC:2.6.1.44/0.0476_0.0269
Q7V1G1,EC:2.7.1.40/0.9916_0.0027
Q7V1G5,EC:4.3.1.19/0.9872_0.0039
Q7V1H0,EC:2.7.7.6/0.0344_0.0205
Q7V1H2,EC:3.1.3.25/0.9824_0.0052
Q7V1H4,EC:3.6.4.10/0.5563_0.1026
Q7V1H7,EC:5.2.1.8/0.1698_0.0706
Q7V1I2,EC:6.1.1.4/0.9960_0.0017
Q7V1I9,EC:2.7.7.7/0.0327_0.0196,EC:3.1.26.12/0.0264_0.0164
Q7V1K4,EC:2.1.1.207/0.8391_0.0476
Q7V1L2,EC:7.1.1.2/0.2844_0.0947
Q7V1M1,EC:1.14.13.81/0.9954_0.0018
Q7V1M5,EC:3.6.4.12/0.6487_0.0910
Q7V1N3,EC:2.5.1.15/0.6241_0.0948
Q7V1P0,EC:4.2.1.96/0.0559_0.0307
Q7V1Q2,EC:1.16.3.1/0.7216_0.0772
Q7V1Q4,EC:4.2.99.18/0.3800_0.1050
Q7V1Q8,EC:2.7.8.5/0.2325_0.0855
Q7V1R4,EC:3.1.11.6/0.0005_0.0004,EC:3.1.13.1/0.0004_0.0003,EC:3.1.26.5/0.0003_0.0002
Q7V1R8,EC:2.3.1.191/0.9829_0.0051
Q7V1S0,EC:2.7.1.19/0.9866_0.0040
Q7V1S4,EC:4.1.2.13/0.8523_0.0439
Q7V1S6,EC:2.6.1.42/0.0056_0.0042
Q7V1T4,EC:3.1.1.31/0.9824_0.0052
Q7V1T6,EC:2.7.7.27/0.9855_0.0044
Q7V1T9,EC:5.1.3.1/0.9039_0.0286
Q7V1U0,EC:7.1.1.2/0.0016_0.0014,EC:7.1.1.9/0.0011_0.0010
Q7V1U5,EC:1.3.1.83/0.9879_0.0037
Q7V1U6,EC:6.1.1.14/0.9921_0.0026
Q7V1U8,EC:3.4.13.22/0.8851_0.0342
Q7V1U9,EC:3.6.4.12/0.8192_0.0532
Q7V1V0,EC:2.7.7.101/0.0002_0.0002,EC:3.6.4.12/0.0002_0.0002
Q7V1W0,EC:3.4.21.92/0.9963_0.0021
Q7V1W1,EC:2.8.4.2/0.0141_0.0095
Q7V1W2,EC:1.14.18.3/0.0004_0.0004
Q7V1X0,EC:6.5.1.1/0.8701_0.0387
Q7V1X4,EC:1.17.99.9/0.0010_0.0009
Q7V1X5,EC:1.17.99.9/0.0030_0.0024
Q7V1Y2,EC:1.2.1.12/0.9932_0.0023
Q7V213,EC:2.5.1.72/0.9782_0.0064
Q7V216,EC:1.1.5.3/0.0007_0.0006
Q7V217,EC:2.6.1.78/0.9853_0.0044
Q7V223,EC:2.1.1.193/0.9655_0.0101
Q7V226,EC:3.1.2.1/0.0171_0.0112
Q7V228,EC:3.6.5.n1/0.7649_0.0672
Q7V232,EC:5.4.99.21/0.7784_0.0639
Q7V242,EC:4.99.1.3/0.7120_0.0792
Q7V263,EC:6.1.1.21/0.9961_0.0017
Q7V271,EC:3.1.3.71/0.9892_0.0033
Q7V275,EC:2.4.1.21/0.9920_0.0026
Q7V278,EC:3.4.21.89/0.9543_0.0134
Q7V289,EC:2.7.1.39/0.9892_0.0033
Q7V290,EC:3.4.24.70/0.8471_0.0453
Q7V292,EC:4.1.2.25/0.9867_0.0040
Q7V293,EC:1.2.1.41/0.9831_0.0050
Q7V2A3,EC:3.6.4.10/0.2614_0.0909,EC:3.6.4.6/0.2302_0.0850,EC:3.4.21.53/0.2133_0.0814
Q7V2A4,EC:4.1.2.50/0.0177_0.0116
Q7V2B4,EC:1.8.1.7/0.8790_0.0361
Q7V2C0,EC:2.4.2.17/0.9958_0.0017
Q7V2C1,EC:3.1.2.6/0.9594_0.0119
Q7V2C5,EC:2.7.7.6/0.0002_0.0002
Q7V2C6,EC:2.7.7.6/0.0151_0.0100
Q7V2D8,EC:1.3.1.33/0.1639_0.0690
Q7V2E0,EC:3.6.1.27/0.0001_0.0001
Q7V2E3,EC:5.3.1.24/0.9824_0.0052
Q7V2E4,EC:3.5.4.16/0.9192_0.0240
Q7V2E7,EC:1.2.1.80/0.9907_0.0029
Q7V2E8,EC:4.1.99.5/0.9079_0.0274
Q7V2F2,EC:2.4.2.28/0.9656_0.0101
Q7V2F4,EC:2.2.1.6/0.9881_0.0036
Q7V2F9,EC:3.1.11.6/0.0035_0.0027
Q7V2G7,EC:3.4.21.89/0.1386_0.0615
Q7V2H0,EC:6.1.1.15/0.9954_0.0018
Q7V2I2,EC:3.6.1.1/0.6103_0.0967
Q7V2I3,EC:3.4.17.19/0.4797_0.1069
Q7V2I5,EC:4.2.1.96/0.9910_0.0029
Q7V2J2,EC:3.1.11.2/0.8875_0.0335
Q7V2K1,EC:7.2.4.3/0.0375_0.0221
Q7V2K7,EC:7.1.1.8/0.0152_0.0102,EC:7.1.1.9/0.0136_0.0092,EC:1.6.5.2/0.0104_0.0073
Q7V2K8,EC:1.12.1.2/0.0257_0.0160
Q7V2K9,EC:2.7.4.8/0.9947_0.0019
Q7V2L2,EC:2.3.1.51/0.0036_0.0028
Q7V2L6,EC:2.5.1.145/0.9526_0.0139
Q7V2L9,EC:2.5.1.39/0.5391_0.1040
Q7V2M1,EC:2.7.7.60/0.8895_0.0329
Q7V2M2,EC:1.1.1.100/0.9954_0.0018
Q7V2M9,EC:7.1.1.9/0.9329_0.0198
Q7V2N1,EC:7.1.1.9/0.6283_0.0942
Q7V2P1,EC:2.1.1.329/0.8231_0.0521,EC:2.1.1.163/0.6061_0.0972
Q7V2P5,EC:3.4.16.4/0.9530_0.0138
Q7V2P6,EC:2.1.1.176/0.9140_0.0256
Q7V2Q1,EC:3.6.5.n1/0.9964_0.0018
Q7V2Q2,EC:1.1.5.4/0.9912_0.0028
Q7V2Q5,EC:2.1.1.137/0.8085_0.0561
Q7V2R1,EC:3.1.26.5/0.0005_0.0005
Q7V2R2,EC:2.5.1.47/0.9953_0.0018
Q7V2R3,EC:2.4.99.17/0.8470_0.0454
Q7V2R4,EC:2.3.1.12/0.9851_0.0045
Q7V2R9,EC:3.1.26.5/0.0862_0.0433
Q7V2S0,EC:4.1.2.4/0.0062_0.0046
Q7V2S1,EC:1.5.1.2/0.9821_0.0053
Q7V2S2,EC:2.7.1.205/0.0090_0.0064,EC:5.4.99.1/0.0078_0.0056
Q7V2S6,EC:3.6.4.12/0.0106_0.0074
Q7V2T9,EC:1.18.6.1/0.0161_0.0107
Q7V2U0,EC:4.2.1.104/0.9934_0.0022
Q7V2W2,EC:7.1.1.2/0.0040_0.0031
Q7V2X3,EC:1.8.98.2/0.0009_0.0008
Q7V2X6,EC:7.1.1.2/0.0016_0.0013
Q7V2X8,EC:2.5.1.108/0.0007_0.0007
Q7V2X9,EC:3.6.4.12/0.0038_0.0030
Q7V2Y0,EC:3.1.11.6/0.0341_0.0203
Q7V2Y2,EC:2.1.1.297/0.9822_0.0053
Q7V2Y5,EC:1.2.3.1/0.0023_0.0019,EC:4.1.1.25/0.0018_0.0015
Q7V2Y6,EC:2.7.7.6/0.0556_0.0306,EC:5.6.2.2/0.0370_0.0218
Q7V2Z2,EC:4.2.1.92/0.0000_0.0000
Q7V2Z4,EC:3.6.4.12/0.4643_0.1072
Q7V2Z7,EC:1.4.3.2/0.0166_0.0109
Q7V2Z8,EC:7.1.1.8/0.0010_0.0009,EC:1.6.5.2/0.0008_0.0007
Q7V301,EC:3.1.1.1/0.0025_0.0020,EC:3.1.4.12/0.0017_0.0014
Q7V305,EC:2.7.8.28/0.0171_0.0112
Q7V308,EC:2.7.6.3/0.9882_0.0036
Q7V310,EC:4.1.99.3/0.9855_0.0044
Q7V313,EC:1.3.1.9/0.9780_0.0065
Q7V314,EC:4.2.1.19/0.9963_0.0017
Q7V320,EC:2.4.2.10/0.9854_0.0044
Q7V323,EC:1.4.3.2/0.0152_0.0101
Q7V330,EC:3.4.24.85/0.0000_0.0000,EC:1.11.1.7/0.0000_0.0000
Q7V337,EC:4.2.1.33/0.9916_0.0027
Q7V339,EC:1.14.13.8/0.0007_0.0006
Q7V340,EC:7.1.1.2/0.0221_0.0140,EC:1.12.1.2/0.0144_0.0096
Q7V341,EC:1.4.3.2/0.0211_0.0135
Q7V342,EC:3.1.1.29/0.9932_0.0023
Q7V350,EC:2.1.1.33/0.8346_0.0489
Q7V354,EC:1.12.1.2/0.2350_0.0860
Q7V355,EC:2.1.3.2/0.9851_0.0045
Q7V360,EC:3.2.1.132/0.0058_0.0043,EC:4.1.2.13/0.0047_0.0036
Q7V361,EC:2.7.7.4/0.9597_0.0118
Q7V370,EC:4.2.1.24/0.9896_0.0032
Q7V378,EC:3.4.21.53/0.5343_0.1044
Q7V379,EC:7.1.1.2/0.0111_0.0077
Q7V380,EC:3.4.21.88/0.0003_0.0003
Q7V381,EC:2.7.7.6/0.0270_0.0167
Q7V382,EC:7.1.1.1/0.0827_0.0419
Q7V383,EC:5.3.1.34/0.0037_0.0029,EC:2.7.1.206/0.0029_0.0023,EC:2.8.4.2/0.0029_0.0023
Q7V384,EC:7.1.1.1/0.0033_0.0026
Q7V385,EC:3.1.26.4/0.3293_0.1006
Q7V387,EC:2.6.1.9/0.8789_0.0361
Q7V390,EC:2.7.2.3/0.9954_0.0018
Q7V391,EC:2.8.4.2/0.0005_0.0005,EC:3.1.1.29/0.0003_0.0003
Q7V392,EC:5.4.99.23/0.9912_0.0028
Q7V396,EC:6.1.1.19/0.9926_0.0024
Q7V397,EC:2.6.1.9/0.8578_0.0423
Q7V3A0,EC:2.7.1.66/0.1607_0.0681
Q7V3A1,EC:3.1.3.15/0.0001_0.0001
Q7V3A3,EC:5.6.2.2/0.0173_0.0114
Q7V3A5,EC:5.4.4.2/0.9887_0.0035
Q7V3A6,EC:2.5.1.130/0.6661_0.0881
Q7V3A9,EC:3.1.2.28/0.9663_0.0098
Q7V3B1,EC:2.1.1.199/0.9211_0.0234
Q7V3B5,EC:5.4.99.18/0.9804_0.0058
Q7V3C0,EC:2.3.3.16/0.9913_0.0028,EC:2.3.3.5/0.9865_0.0041
Q7V3D1,EC:4.2.1.96/0.5211_0.1052
Q7V3D2,EC:1.3.5.5/0.9888_0.0034
Q7V3D9,EC:2.3.1.39/0.9809_0.0057
Q7V3E3,EC:3.6.4.12/0.0055_0.0041
Q7V3E4,EC:3.5.2.6/0.0016_0.0013
Q7V3E6,EC:2.7.4.9/0.8916_0.0323
Q7V3F2,EC:2.5.1.47/0.9928_0.0024
Q7V3G0,EC:1.3.5.6/0.9840_0.0048
Q7V3G2,EC:4.2.1.75/0.9792_0.0061
Q7V3G3,EC:3.1.26.5/0.2599_0.0907
Q7V3G9,EC:4.2.3.12/0.5960_0.0985
Q7V3H5,EC:1.4.3.16/0.9715_0.0083
Q7V3J5,EC:2.7.1.33/0.9182_0.0243
Q7V3J8,EC:3.6.4.12/0.9077_0.0275
Q7V3K5,EC:2.8.1.7/0.9873_0.0039,EC:4.4.1.16/0.9679_0.0094
Q7V3K7,EC:3.5.1.88/0.9787_0.0063
Q7V3L3,EC:7.1.1.2/0.0139_0.0094
Q7V3M7,EC:6.1.1.7/0.0003_0.0002
Q7V3M9,EC:4.1.1.19/0.9894_0.0033
Q7V3N8,EC:2.1.1.195/0.9030_0.0289
Q7V3P5,EC:2.7.7.6/0.0016_0.0013
Q7V3Q0,EC:3.1.11.6/0.0049_0.0037
Q7V3Q1,EC:2.7.1.78/0.0013_0.0011
Q7V3Q4,EC:2.7.4.25/0.0012_0.0010
Q7V3R4,EC:5.6.2.2/0.9896_0.0032
Q7V3R7,EC:3.1.31.1/0.0453_0.0258
Q8GBX9,EC:3.2.1.26/0.3113_0.0984
Q93SN7,EC:1.3.7.3/0.9964_0.0018
Q93SN8,EC:1.3.7.2/0.9958_0.0017
Q93TL5,EC:1.3.7.5/0.9958_0.0017
A8WI02,EC:4.2.3.115/0.0075_0.0054
A8WI04,EC:1.4.3.2/0.0093_0.0066
A8WI05,EC:2.1.1.86/0.0015_0.0013
A8WI06,EC:7.1.1.2/0.0005_0.0005
A8WI07,EC:1.4.3.2/0.0006_0.0006
A8WI08,EC:1.1.2.7/0.0300_0.0183
A8WI19,EC:1.14.99.63/0.0000_0.0000
A8WI20,EC:3.1.11.6/0.1737_0.0717
A8WI21,EC:4.2.1.129/0.0002_0.0002,EC:5.4.99.17/0.0002_0.0002,EC:5.4.99.55/0.0002_0.0002
A8WI22,EC:7.1.1.2/0.0722_0.0377
A8WI23,EC:2.1.1.86/0.0119_0.0082
A8WI24,EC:1.14.13.8/0.0189_0.0122
A8WI25,EC:2.3.1.61/0.0021_0.0018
A8WI26,EC:3.1.1.59/0.0260_0.0161
A8WI27,EC:1.11.1.7/0.0005_0.0005
A8WI28,EC:7.1.1.9/0.0031_0.0025
A8WI29,EC:5.4.99.5/0.0245_0.0154
A8WI30,EC:7.2.4.2/0.0120_0.0082
A8WI31,EC:4.2.1.129/0.0115_0.0079,EC:5.4.99.17/0.0115_0.0079
A8WI32,EC:3.1.4.12/0.0002_0.0002
A8WI33,EC:4.2.3.114/0.0025_0.0020
A8WI34,EC:4.2.1.137/0.0000_0.0000
A8WI35,EC:3.1.1.4/0.1327_0.0597
A8WI36,EC:1.11.1.14/0.0010_0.0009
A8WI37,EC:1.12.1.2/0.0416_0.0240
A8WI38,EC:2.1.2.1/0.0006_0.0005
A8WI39,EC:4.2.3.10/0.0023_0.0019
A8WI40,EC:3.5.2.17/0.0017_0.0014
A8WI41,EC:4.1.1.22/0.0035_0.0028
A8WI42,EC:2.1.1.86/0.0105_0.0073
A8WI43,EC:2.1.1.86/0.1724_0.0713
A8WI44,EC:2.1.1.86/0.0062_0.0046
A8WI45,EC:1.16.3.1/0.0008_0.0007
A8WI46,EC:1.1.5.2/0.0097_0.0068
A8WI47,EC:1.14.19.68/0.0019_0.0016,EC:1.2.5.2/0.0016_0.0013,EC:1.14.19.64/0.0016_0.0013,EC:1.14.19.73/0.0014_0.0012
A8WI48,EC:4.2.3.44/0.0016_0.0013
A8WI49,EC:1.12.98.3/0.0705_0.0370
A8WI50,EC:3.6.1.31/0.0027_0.0022
A8WI51,EC:1.2.1.3/0.0091_0.0065
A8WI52,EC:2.1.1.86/0.0200_0.0129
A8WI53,EC:1.8.7.2/0.0002_0.0002,EC:5.1.1.17/0.0001_0.0001
A8WI54,EC:2.1.1.72/0.9199_0.0238
A8WI55,EC:3.5.2.17/0.0220_0.0140
A8WI56,EC:3.1.26.5/0.0054_0.0040,EC:3.1.2.28/0.0041_0.0031
A8WI57,EC:2.1.1.86/0.0043_0.0033,EC:1.15.1.1/0.0025_0.0020
A8WI58,EC:4.4.1.23/0.0002_0.0002,EC:3.5.1.5/0.0002_0.0002
A8WI63,EC:2.3.1.61/0.0026_0.0021
A8WI64,EC:1.14.14.3/0.0041_0.0032,EC:5.3.1.32/0.0030_0.0024
A8WI65,EC:4.2.3.114/0.0004_0.0004,EC:2.3.1.9/0.0004_0.0004
A8WI66,EC:5.5.1.12/0.0002_0.0002
A8WI67,EC:7.2.2.1/0.0010_0.0009
A8WI69,EC:3.5.1.5/0.0002_0.0002
A8WI72,EC:1.1.1.37/0.0070_0.0051
A8WI73,EC:1.1.1.37/0.0040_0.0031
A8WI74,EC:1.11.1.7/0.0064_0.0047
A8WI75,EC:2.3.1.12/0.0123_0.0084
A8WI76,EC:3.2.1.39/0.0196_0.0126,EC:1.5.5.2/0.0189_0.0123,EC:3.2.2.22/0.0144_0.0096
A8WI77,EC:2.1.1.86/0.0067_0.0049,EC:3.1.1.73/0.0065_0.0048
A8WI78,EC:3.1.1.1/0.0119_0.0082,EC:1.11.1.7/0.0099_0.0069
A8WI79,EC:1.4.3.2/0.2842_0.0947
A8WI80,EC:2.1.1.86/0.0096_0.0068,EC:1.15.1.1/0.0055_0.0041
A8WI81,EC:5.5.1.12/0.0175_0.0114
A8WI82,EC:2.8.4.1/0.0030_0.0024
A8WI83,EC:2.1.1.86/0.0029_0.0023
A8WI84,EC:2.7.7.6/0.0656_0.0349
A8WI85,EC:5.3.1.9/0.0003_0.0003,EC:3.6.1.31/0.0002_0.0002
A8WI86,EC:2.1.1.86/0.0373_0.0219
A8WI87,EC:2.1.1.86/0.0661_0.0351
A8WI88,EC:1.1.5.2/0.0003_0.0003,EC:1.11.1.5/0.0002_0.0002
A8WI89,EC:3.5.4.19/0.0021_0.0017
A8WI90,EC:1.14.13.244/0.0008_0.0007,EC:1.14.13.7/0.0007_0.0006,EC:1.4.3.2/0.0007_0.0006
A8WI91,EC:7.2.4.5/0.0025_0.0020
A8WI92,EC:1.10.3.9/0.0004_0.0004
A8WI93,EC:1.4.3.2/0.0005_0.0005
A8WI94,EC:1.7.1.13/0.0015_0.0013
A8WI95,EC:4.2.1.129/0.0000_0.0001,EC:5.4.99.17/0.0000_0.0001
A8WI96,EC:3.4.22.37/0.0000_0.0000
A8WI98,EC:3.2.1.17/0.0279_0.0172
A8WI99,EC:7.2.2.1/0.0002_0.0002
A8WIA0,EC:3.1.1.31/0.0009_0.0008
A8WIA1,EC:1.12.1.2/0.0062_0.0046
A8WIA2,EC:1.2.5.2/0.0079_0.0057
A8WIA3,EC:1.3.5.4/0.0034_0.0026
A8WIA4,EC:2.3.1.263/0.0009_0.0008
A8WIA5,EC:3.1.3.1/0.0020_0.0016
A8WIA6,EC:4.2.3.113/0.0009_0.0008
A8WIA7,EC:2.7.7.6/0.0269_0.0166
A8WIA8,EC:4.2.3.114/0.0003_0.0003
A8WIA9,EC:1.14.13.244/0.0066_0.0048
A8WIB0,EC:7.1.1.2/0.0550_0.0303
A8WIB1,EC:5.4.99.55/0.0000_0.0000
A8WIB2,EC:7.2.4.2/0.0008_0.0007
A8WIB3,EC:1.18.6.1/0.0013_0.0011,EC:7.1.1.2/0.0009_0.0008,EC:1.8.2.3/0.0007_0.0006,EC:7.2.1.1/0.0006_0.0006
A8WIB4,EC:1.11.1.7/0.0757_0.0391
A8WIB5,EC:1.20.4.1/0.0169_0.0111
A8WIB6,EC:2.7.1.201/0.0009_0.0008
A8WIB7,EC:1.4.3.2/0.0294_0.0179
A8WIB8,EC:3.2.1.39/0.1687_0.0703,EC:3.2.1.4/0.1342_0.0602
A8WIB9,EC:1.14.19.68/0.0000_0.0001
A8WIC0,EC:5.4.99.56/0.0045_0.0034
A8WIC1,EC:2.7.1.1/0.0004_0.0004
A8WIC2,EC:3.1.11.6/0.0000_0.0000,EC:4.1.1.25/0.0000_0.0000
A8WIC3,EC:3.1.1.1/0.0012_0.0011
A8WIC4,EC:1.14.14.13/0.0003_0.0003
A8WIC5,EC:3.4.22.37/0.0000_0.0000,EC:2.1.1.86/0.0000_0.0000
A8WIC6,EC:3.1.11.6/0.0025_0.0020
A8WIC7,EC:4.1.1.28/0.0011_0.0010,EC:7.2.1.1/0.0009_0.0008
A8WIC8,EC:1.8.5.2/0.0000_0.0000,EC:3.2.1.3/0.0000_0.0000,EC:2.1.1.86/0.0000_0.0000
A8WIC9,EC:1.10.3.9/0.0225_0.0143
A8WID0,EC:1.15.1.1/0.0012_0.0010
A8WID1,EC:1.2.5.2/0.0028_0.0022
A8WID2,EC:1.2.1.3/0.0018_0.0015,EC:3.4.13.23/0.0016_0.0013,EC:3.4.11.5/0.0015_0.0013
A8WID3,EC:2.3.1.7/0.0014_0.0012
A8WID4,EC:7.1.1.8/0.0166_0.0109
A8WID6,EC:2.1.1.86/0.0498_0.0279
A8WID7,EC:5.4.99.56/0.0001_0.0001
A8WID8,EC:3.5.1.5/0.0845_0.0426
A8WID9,EC:1.8.5.2/0.0054_0.0040
A8WIE0,EC:2.7.1.2/0.0006_0.0005
A8WIE1,EC:4.2.1.129/0.0001_0.0001,EC:5.4.99.17/0.0001_0.0001
A8WIE2,EC:7.1.1.9/0.1599_0.0679
A8WIE3,EC:1.4.3.2/0.2596_0.0906
A8WIE4,EC:6.3.5.7/0.0007_0.0006,EC:1.18.6.1/0.0007_0.0006
A8WIE5,EC:2.7.1.59/0.0001_0.0001
A8WIE6,EC:7.1.1.9/0.0117_0.0080
A8WIE7,EC:1.12.1.2/0.0269_0.0166
A8WIE8,EC:1.2.1.3/0.0023_0.0019
A8WIE9,EC:4.2.3.119/0.0002_0.0002
A8WIF0,EC:2.6.1.3/0.0043_0.0033
A8WIF1,EC:2.7.7.6/0.0054_0.0040
A8WIF2,EC:7.1.2.2/0.0427_0.0246
A8WIF3,EC:3.5.4.19/0.1042_0.0500
A8WIF4,EC:2.7.7.6/0.1592_0.0677
A8WIF5,EC:7.1.2.2/0.0670_0.0355
A8WIF6,EC:2.1.1.86/0.0876_0.0438
A8WIF7,EC:1.1.1.270/0.0000_0.0000
A8WIF8,EC:1.12.1.2/0.0235_0.0148,EC:2.7.7.n1/0.0193_0.0125,EC:7.1.1.2/0.0165_0.0109
A8WIF9,EC:4.6.1.23/0.0434_0.0249
A8WIG0,EC:1.11.1.9/0.0288_0.0176
A8WIG1,EC:2.4.1.198/0.0705_0.0370
A8WIG2,EC:5.2.1.8/0.0055_0.0041
A8WIG3,EC:5.4.99.57/0.0000_0.0000
A8WIG4,EC:2.1.1.86/0.0129_0.0088
A8WIG5,EC:7.2.4.5/0.0173_0.0114,EC:2.1.1.86/0.0115_0.0079
A8WIG6,EC:2.1.1.86/0.0550_0.0303,EC:7.1.1.2/0.0466_0.0264
A8WIG7,EC:4.2.3.113/0.0003_0.0003
A8WIG8,EC:2.3.1.85/0.0062_0.0046
A8WIG9,EC:3.2.1.186/0.0000_0.0000
A8WIH0,EC:1.6.5.2/0.0001_0.0001
A8WIH1,EC:4.6.1.23/0.0415_0.0240
A8WIH2,EC:1.2.3.4/0.0184_0.0120
A8WIH3,EC:1.14.12.12/0.0015_0.0012
A8WIH4,EC:3.1.11.6/0.0000_0.0000
A8WIH5,EC:3.1.21.4/0.0004_0.0004
A8WIH6,EC:1.2.1.3/0.0001_0.0001,EC:1.3.1.9/0.0001_0.0001
A8WIH7,EC:3.2.1.186/0.0000_0.0000
A8WIH8,EC:3.1.11.6/0.0012_0.0010
A8WIH9,EC:3.1.11.6/0.0329_0.0198
A8WII0,EC:1.2.5.2/0.1229_0.0565
A8WII1,EC:4.2.3.119/0.0069_0.0051,EC:1.4.3.2/0.0056_0.0041
A8WII2,EC:7.1.1.9/0.0035_0.0028
A8WII3,EC:4.2.3.75/0.0007_0.0007
A8WII4,EC:1.4.3.2/0.3723_0.1044
A8WII5,EC:3.5.1.5/0.0392_0.0229
A8WII6,EC:2.7.7.6/0.0072_0.0052
A8WII7,EC:7.1.1.9/0.0113_0.0078,EC:2.1.1.86/0.0068_0.0049
A8WII8,EC:1.4.3.2/0.0031_0.0024
A8WII9,EC:7.1.1.2/0.5948_0.0986
A8WIJ0,EC:1.15.1.1/0.0012_0.0011,EC:2.1.1.86/0.0012_0.0010
A8WIJ1,EC:3.1.11.6/0.0249_0.0155
A8WIJ2,EC:3.1.11.6/0.0020_0.0017,EC:2.3.2.31/0.0012_0.0011
A8WIJ3,EC:7.1.1.2/0.0226_0.0143
A8WIJ4,EC:2.8.4.2/0.0050_0.0038,EC:7.1.1.1/0.0040_0.0031,EC:4.6.1.23/0.0031_0.0024
A8WIJ5,EC:2.1.1.86/0.9955_0.0017
A8WIJ6,EC:4.2.3.96/0.0004_0.0004
A8WIJ7,EC:4.2.3.119/0.0262_0.0163
A8WIJ8,EC:2.8.4.1/0.0015_0.0012
A8WIJ9,EC:7.1.1.9/0.0208_0.0133
A8WIK0,EC:2.4.1.198/0.0027_0.0022,EC:4.1.1.17/0.0024_0.0020
A8WIK1,EC:1.3.1.70/0.0000_0.0000
A8WIK2,EC:1.1.2.7/0.0560_0.0307
A8WIK3,EC:3.2.1.41/0.0001_0.0001
A8WIK4,EC:1.2.1.71/0.0008_0.0007,EC:2.6.1.36/0.0005_0.0005
A8WIK5,EC:7.1.1.9/0.0005_0.0004,EC:4.2.3.114/0.0004_0.0004,EC:1.4.3.2/0.0004_0.0004
A8WIK6,EC:3.5.4.4/0.0016_0.0014,EC:2.3.1.269/0.0013_0.0011,EC:6.3.4.5/0.0011_0.0009,EC:1.12.1.2/0.0008_0.0007,EC:3.6.1.31/0.0006_0.0005
A8WIK7,EC:4.2.99.24/0.0004_0.0004,EC:4.2.3.121/0.0004_0.0004,EC:2.1.1.86/0.0003_0.0003
A8WIK8,EC:1.11.1.7/0.1450_0.0635
A8WIK9,EC:3.1.7.11/0.0126_0.0086
A8WIL0,EC:2.1.1.86/0.0000_0.0000
A8WIL1,EC:4.2.1.1/0.0331_0.0199
A8WIL2,EC:2.1.1.86/0.0000_0.0000
A8WIL3,EC:3.2.1.39/0.0004_0.0004,EC:1.4.3.2/0.0003_0.0003,EC:3.2.1.147/0.0003_0.0003
A8WIL4,EC:3.2.1.175/0.0008_0.0007
A8WIL5,EC:3.4.21.1/0.0011_0.0010,EC:1.11.1.14/0.0008_0.0007
A8WIL6,EC:5.5.1.12/0.0006_0.0005
A8WIL7,EC:2.1.1.86/0.0078_0.0056
A8WIL8,EC:1.15.1.1/0.0154_0.0103,EC:1.11.1.7/0.0142_0.0096
A8WIL9,EC:2.1.1.86/0.0039_0.0030,EC:4.1.1.25/0.0032_0.0025
A8WIM1,EC:3.2.1.147/0.0307_0.0186
A8WIM2,EC:1.1.2.7/0.0012_0.0010,EC:7.1.1.9/0.0011_0.0010,EC:4.2.1.96/0.0009_0.0008
A8WIM3,EC:1.11.1.7/0.0013_0.0011
A8WIM4,EC:2.7.1.202/0.0061_0.0045
A8WIM5,EC:3.1.1.88/0.0042_0.0032
A8WIM6,EC:2.1.1.86/0.2739_0.0930
A8WIM7,EC:3.6.1.31/0.0036_0.0028
A8WIM8,EC:5.4.99.40/0.0000_0.0000,EC:5.4.99.55/0.0000_0.0000
A8WIM9,EC:1.10.3.2/0.0006_0.0006
A8WIN0,EC:2.3.1.12/0.0248_0.0155
A8WIN1,EC:4.2.3.119/0.3045_0.0976,EC:4.2.3.120/0.2284_0.0846
A8WIN2,EC:3.4.17.6/0.0214_0.0137
A8WIN3,EC:1.2.1.3/0.0043_0.0033
A8WIN4,EC:3.1.1.14/0.0877_0.0439
A8WIN5,EC:1.4.9.1/0.0066_0.0049,EC:7.1.1.2/0.0066_0.0048,EC:1.12.98.3/0.0039_0.0030
B9ER26,EC:3.1.1.1/0.0173_0.0113
B9ER27,EC:5.4.99.40/0.0000_0.0000
B9ER28,EC:3.1.1.4/0.0493_0.0277
B9ER29,EC:3.1.1.1/0.0156_0.0104
B9ER30,EC:1.11.1.7/0.0006_0.0006
B9ER31,EC:4.2.3.121/0.0007_0.0006
B9ER32,EC:3.2.1.4/0.7226_0.0770
B9ER33,EC:1.16.1.9/0.0001_0.0001
B9ER34,EC:2.3.2.27/0.0246_0.0154
B9ER35,EC:3.1.1.80/0.0018_0.0015
B9ER36,EC:6.3.2.36/0.0114_0.0079
B9ER37,EC:4.99.1.10/0.0116_0.0080
B9ER38,EC:1.11.1.27/0.0056_0.0042
B9ER39,EC:2.1.1.86/0.0019_0.0016
B9ER40,EC:4.1.2.13/0.0263_0.0163
B9ER41,EC:1.10.3.2/0.0001_0.0001,EC:1.16.3.1/0.0001_0.0001
B9ER43,EC:1.2.5.2/0.0036_0.0028
B9ER44,EC:5.4.99.57/0.0022_0.0018
B9ER45,EC:4.2.3.16/0.0563_0.0309
B9ER46,EC:3.1.11.6/0.0011_0.0009
B9ER47,EC:1.2.3.4/0.0006_0.0005,EC:1.1.1.398/0.0005_0.0004
B9ER48,EC:2.7.7.6/0.0005_0.0005
P59920,EC:2.4.2.21/0.4263_0.1070
Q7TTH5,EC:2.3.1.61/0.0046_0.0035,EC:3.6.1.31/0.0036_0.0028
Q7TTI0,EC:7.2.4.2/0.0013_0.0011
Q7TTK4,EC:1.4.3.2/0.0002_0.0002,EC:1.10.3.2/0.0002_0.0002
Q7TTL5,EC:1.12.1.2/0.0036_0.0028
Q7TTL7,EC:1.12.1.2/0.0052_0.0039
Q7TTQ2,EC:4.2.1.161/0.0001_0.0001,EC:2.1.1.72/0.0001_0.0001,EC:3.1.21.4/0.0000_0.0001
Q7TTQ3,EC:4.6.1.24/0.3436_0.1020
Q7TTQ4,EC:2.1.1.86/0.0753_0.0390
Q7TU22,EC:5.4.99.60/0.8668_0.0396
Q7TU26,EC:2.3.2.27/0.1146_0.0537
Q7TU33,EC:2.1.1.131/0.0056_0.0042
Q7TU34,EC:7.1.1.2/0.0398_0.0232
Q7TU36,EC:3.1.26.12/0.9942_0.0020
Q7TU37,EC:3.4.21.107/0.9340_0.0195
Q7TU41,EC:2.1.1.226/0.5194_0.1053,EC:2.1.1.227/0.5194_0.1053
Q7TU45,EC:1.4.3.2/0.0015_0.0013,EC:1.8.99.5/0.0012_0.0010
Q7TU46,EC:3.4.14.2/0.0002_0.0002,EC:1.8.1.8/0.0002_0.0002
Q7TU47,EC:3.4.24.20/0.0043_0.0033
Q7TU48,EC:5.4.99.5/0.0063_0.0047
Q7TU49,EC:1.18.6.1/0.0000_0.0000
Q7TU50,EC:2.4.2.6/0.0000_0.0000
Q7TU51,EC:1.18.6.1/0.0132_0.0089
Q7TU52,EC:4.1.1.39/0.0003_0.0003
Q7TU53,EC:2.7.8.28/0.0000_0.0000
Q7TU54,EC:1.14.11.56/0.0000_0.0000
Q7TU55,EC:2.1.1.86/0.0028_0.0022
Q7TU57,EC:2.7.7.85/0.0093_0.0065
Q7TU58,EC:7.2.4.3/0.3694_0.1042
Q7TU63,EC:2.1.1.208/0.1348_0.0603
Q7TU68,EC:1.4.3.2/0.0008_0.0007
Q7TU69,EC:3.1.21.4/0.0627_0.0337
Q7TU70,EC:2.7.7.6/0.0293_0.0179
Q7TU71,EC:2.7.7.6/0.4551_0.1073
Q7TU72,EC:7.1.1.2/0.0260_0.0161
Q7TU73,EC:2.7.7.6/0.0775_0.0399
Q7TU74,EC:3.1.1.1/0.0001_0.0001
Q7TU76,EC:3.7.1.13/0.0992_0.0482
Q7TU78,EC:2.7.11.1/0.0060_0.0044
Q7TU79,EC:4.2.3.121/0.0087_0.0062,EC:1.16.3.1/0.0080_0.0057
Q7TU80,EC:6.3.5.11/0.9596_0.0118
Q7TU83,EC:1.14.13.39/0.0002_0.0002
Q7TU84,EC:4.2.3.19/0.0246_0.0154
Q7TU85,EC:4.2.3.16/0.0021_0.0017
Q7TU86,EC:2.1.1.86/0.0708_0.0371
Q7TU87,EC:1.5.1.20/0.0052_0.0039
Q7TU89,EC:2.7.6.1/0.0532_0.0295,EC:2.4.2.8/0.0470_0.0266
Q7TU91,EC:2.1.1.185/0.0052_0.0039
Q7TU93,EC:3.2.2.22/0.0003_0.0003
Q7TU95,EC:1.11.1.24/0.2444_0.0878
Q7TU98,EC:3.1.4.35/0.1217_0.0561
Q7TUA1,EC:2.1.1.86/0.0060_0.0045
Q7TUA2,EC:1.4.3.2/0.1402_0.0620
Q7TUA4,EC:3.1.11.6/0.0011_0.0009
Q7TUA5,EC:4.1.1.28/0.0047_0.0036
Q7TUA6,EC:3.1.3.45/0.0000_0.0000
Q7TUA8,EC:5.4.99.5/0.6400_0.0924
Q7TUB0,EC:4.1.1.39/0.0261_0.0162
Q7TUB1,EC:1.8.7.2/0.0006_0.0006
Q7TUB2,EC:4.2.3.44/0.0019_0.0015
Q7TUB3,EC:3.6.4.12/0.0622_0.0334
Q7TUB4,EC:3.5.4.19/0.1300_0.0588
Q7TUB5,EC:1.18.6.1/0.0153_0.0102
Q7TUB6,EC:1.18.1.4/0.0171_0.0112
Q7TUB7,EC:3.5.1.5/0.0074_0.0053
Q7TUB8,EC:2.3.1.61/0.0596_0.0323
Q7TUB9,EC:4.2.1.92/0.0010_0.0008,EC:3.1.1.4/0.0007_0.0006
Q7TUC0,EC:3.5.4.19/0.2559_0.0900
Q7TUC1,EC:2.8.4.2/0.0006_0.0005,EC:4.2.3.3/0.0005_0.0005
Q7TUC9,EC:2.8.4.1/0.0006_0.0005
Q7TUD2,EC:2.1.1.271/0.8518_0.0440
Q7TUD3,EC:2.5.1.9/0.9354_0.0191
Q7TUD4,EC:6.3.4.15/0.1536_0.0661
Q7TUD7,EC:2.5.1.48/0.9499_0.0147
Q7TUD9,EC:2.4.1.337/0.1548_0.0664,EC:2.4.1.283/0.1366_0.0609
Q7TUE1,EC:3.1.7.6/0.0109_0.0075
Q7TUE2,EC:6.3.4.5/0.0091_0.0065
Q7TUE3,EC:3.1.21.4/0.0003_0.0002
Q7TUE4,EC:5.3.3.4/0.0001_0.0001
Q7TUE5,EC:3.6.1.31/0.0002_0.0002
Q7TUE7,EC:3.4.24.21/0.0000_0.0000
Q7TUE8,EC:3.1.11.6/0.0002_0.0002
Q7TUE9,EC:2.1.1.86/0.2546_0.0897
Q7TUF0,EC:3.1.11.6/0.0000_0.0000
Q7TUF1,EC:7.1.1.2/0.0035_0.0027
Q7TUF2,EC:3.6.4.12/0.0232_0.0146
Q7TUF6,EC:4.2.1.92/0.0000_0.0000
Q7TUF7,EC:2.7.7.72/0.4180_0.1067
Q7TUG2,EC:3.5.1.42/0.0250_0.0156
Q7TUG3,EC:2.4.2.49/0.0058_0.0043
Q7TUG4,EC:3.5.4.13/0.9706_0.0086
Q7TUG6,EC:1.13.11.2/0.0031_0.0024,EC:4.4.1.5/0.0021_0.0017
Q7TUG7,EC:2.7.6.5/0.9920_0.0026,EC:3.1.7.2/0.9908_0.0029
Q7TUH5,EC:2.7.11.1/0.2851_0.0948
Q7TUH6,EC:1.12.1.2/0.0004_0.0004,EC:3.6.1.31/0.0003_0.0003,EC:2.7.7.6/0.0002_0.0002
Q7TUH7,EC:1.4.3.19/0.9430_0.0168
Q7TUH8,EC:1.4.9.1/0.3488_0.1025
Q7U394,EC:3.4.21.53/0.0767_0.0395
Q7U395,EC:1.12.98.3/0.2259_0.0841
Q7U396,EC:4.1.1.44/0.0006_0.0006
Q7U397,EC:1.14.13.25/0.0058_0.0043,EC:1.14.13.111/0.0056_0.0042
Q7U398,EC:2.7.7.6/0.0485_0.0273
Q7UZF3,EC:1.11.1.7/0.0067_0.0049,EC:3.2.2.22/0.0053_0.0039
Q7UZF4,EC:2.7.11.1/0.0074_0.0054
Q7UZF6,EC:2.4.1.14/0.8441_0.0462
Q7UZF7,EC:4.2.3.19/0.0188_0.0122,EC:3.1.7.11/0.0160_0.0106,EC:4.2.3.26/0.0120_0.0082
Q7UZF9,EC:1.18.6.1/0.0590_0.0321
Q7UZG4,EC:1.4.3.19/0.2699_0.0924
Q7UZG6,EC:3.1.3.27/0.0016_0.0014
Q7UZG9,EC:2.7.1.182/0.2691_0.0923
Q7UZH1,EC:4.2.3.189/0.0023_0.0019
Q7UZH3,EC:4.1.3.38/0.8233_0.0520
Q7UZH4,EC:2.6.1.85/0.9777_0.0065
Q7UZH9,EC:3.5.3.11/0.6351_0.0931,EC:3.5.3.1/0.4947_0.1065
Q7UZI1,EC:3.6.1.8/0.8448_0.0460
Q7UZI2,EC:1.12.1.2/0.0226_0.0143
Q7UZI4,EC:3.1.1.32/0.0009_0.0008,EC:3.1.3.27/0.0008_0.0007,EC:3.6.1.27/0.0007_0.0007
Q7UZI5,EC:3.1.13.1/0.0006_0.0006
Q7UZI6,EC:6.5.1.1/0.8862_0.0339
Q7UZI7,EC:4.2.3.47/0.0012_0.0010,EC:1.14.15.39/0.0011_0.0010,EC:3.2.2.22/0.0010_0.0009,EC:2.3.1.187/0.0009_0.0008
Q7UZI8,EC:2.3.2.27/0.0022_0.0018
Q7UZI9,EC:4.1.3.40/0.1356_0.0606
Q7UZJ2,EC:1.14.19.6/0.0012_0.0010
Q7UZJ3,EC:2.5.1.151/0.0014_0.0012,EC:1.16.1.6/0.0014_0.0012
Q7UZJ4,EC:2.9.1.2/0.0164_0.0108
Q7UZJ6,EC:3.1.4.35/0.0685_0.0361
Q7UZJ7,EC:2.4.1.337/0.2052_0.0795
Q7UZJ8,EC:3.13.1.1/0.5210_0.1052
Q7UZK0,EC:7.1.1.2/0.0017_0.0014
Q7UZK3,EC:2.7.7.85/0.0001_0.0001
Q7UZK4,EC:2.4.1.336/0.9426_0.0169
Q7UZL2,EC:4.2.3.153/0.0044_0.0034,EC:4.3.3.6/0.0044_0.0034
Q7UZL5,EC:3.6.4.12/0.9041_0.0285
Q7UZL8,EC:1.14.19.21/0.0000_0.0000,EC:1.14.13.179/0.0000_0.0000,EC:1.3.7.2/0.0000_0.0000
Q7UZL9,EC:1.1.1.330/0.0007_0.0006,EC:1.14.99.60/0.0005_0.0005,EC:3.1.1.107/0.0004_0.0004
Q7UZM0,EC:2.3.1.57/0.0080_0.0057
Q7UZM3,EC:2.7.11.33/0.0003_0.0003,EC:2.7.4.28/0.0003_0.0003
Q7UZM5,EC:3.1.1.59/0.0086_0.0061
Q7UZM9,EC:3.6.4.12/0.0002_0.0002,EC:2.7.11.26/0.0001_0.0001,EC:2.7.11.1/0.0001_0.0001
Q7UZN0,EC:3.1.1.13/0.0021_0.0017
Q7UZN1,EC:2.7.1.223/0.0024_0.0019
Q7UZN2,EC:3.1.3.12/0.0002_0.0002,EC:3.4.17.6/0.0002_0.0002
Q7UZN4,EC:3.6.1.27/0.2754_0.0933
Q7UZN5,EC:2.7.7.49/0.0125_0.0085,EC:2.7.7.n1/0.0107_0.0074
Q7UZN7,EC:2.7.1.23/0.0000_0.0000
Q7UZN8,EC:3.1.3.27/0.0001_0.0001
Q7UZN9,EC:2.7.13.3/0.0000_0.0000
Q7UZP1,EC:3.5.5.8/0.0071_0.0052
Q7UZP4,EC:3.5.2.6/0.0015_0.0013
Q7UZP5,EC:3.5.1.127/0.0857_0.0431
Q7UZP6,EC:1.1.99.22/0.0001_0.0001,EC:2.1.1.86/0.0000_0.0000
Q7UZQ4,EC:1.8.98.2/0.0137_0.0093,EC:2.7.7.6/0.0118_0.0081
Q7UZQ6,EC:5.4.99.5/0.0863_0.0433
Q7UZQ8,EC:7.2.2.6/0.0491_0.0276
Q7UZQ9,EC:3.1.1.23/0.0006_0.0005
Q7UZR0,EC:5.1.3.15/0.1701_0.0707
Q7UZR1,EC:2.7.1.219/0.3244_0.1000
Q7UZR3,EC:3.1.21.4/0.0003_0.0003
Q7UZR4,EC:1.14.14.18/0.9909_0.0029
Q7UZR5,EC:3.1.3.48/0.3702_0.1043,EC:3.1.3.2/0.3389_0.1016
Q7UZR8,EC:2.3.2.27/0.0044_0.0034
Q7UZR9,EC:2.4.1.227/0.0103_0.0072
Q7UZS0,EC:5.4.99.5/0.0122_0.0084
Q7UZS1,EC:3.1.11.1/0.6892_0.0838
Q7UZS2,EC:5.6.2.2/0.0072_0.0053,EC:2.1.3.15/0.0057_0.0042
Q7UZS6,EC:2.7.13.3/0.8452_0.0459
Q7UZS8,EC:4.1.3.27/0.9920_0.0026
Q7UZS9,EC:6.3.2.2/0.9180_0.0243
Q7UZT1,EC:2.3.1.57/0.1272_0.0579
Q7UZT4,EC:4.4.1.37/0.1732_0.0715
Q7UZT5,EC:2.7.1.21/0.0622_0.0334,EC:2.5.1.17/0.0345_0.0206
Q7UZT6,EC:2.7.7.80/0.7257_0.0763
Q7UZT7,EC:7.1.1.2/0.1530_0.0659
Q7UZT8,EC:2.7.1.172/0.5423_0.1038
Q7UZT9,EC:5.2.1.13/0.0646_0.0345,EC:1.3.99.39/0.0267_0.0165,EC:1.5.99.13/0.0133_0.0090
Q7UZU0,EC:1.3.1.12/0.2851_0.0948
Q7UZU1,EC:3.6.4.12/0.1426_0.0628
Q7UZU2,EC:6.6.1.2/0.0006_0.0006
Q7UZU4,EC:3.1.3.77/0.0063_0.0046
Q7UZU5,EC:2.8.1.8/0.0337_0.0201
Q7UZX2,EC:2.1.1.63/0.0188_0.0122
Q7UZX3,EC:3.1.3.92/0.0004_0.0004,EC:3.1.3.69/0.0004_0.0004
Q7UZX4,EC:2.4.2.53/0.0262_0.0162
Q7UZX7,EC:3.4.14.13/0.0006_0.0005
Q7UZX8,EC:3.5.2.6/0.1023_0.0493
Q7UZX9,EC:1.14.14.3/0.0012_0.0010
Q7UZY0,EC:2.7.10.1/0.0028_0.0022
Q7UZY2,EC:5.3.3.4/0.0000_0.0000
Q7UZY9,EC:2.7.7.6/0.0089_0.0063
Q7UZZ0,EC:2.1.1.79/0.0027_0.0022,EC:2.1.1.295/0.0026_0.0021,EC:2.1.1.255/0.0019_0.0016,EC:2.1.1.95/0.0018_0.0015
Q7UZZ1,EC:4.2.3.26/0.0029_0.0023
Q7UZZ5,EC:1.21.98.3/0.0000_0.0000
Q7UZZ6,EC:2.4.2.53/0.0000_0.0000
Q7UZZ7,EC:2.4.2.43/0.0775_0.0399
Q7UZZ8,EC:2.1.1.86/0.1136_0.0533
Q7V000,EC:4.4.1.22/0.0065_0.0048
Q7V009,EC:1.1.1.37/0.0066_0.0048
Q7V011,EC:6.3.2.36/0.1830_0.0741
Q7V012,EC:3.4.24.33/0.0017_0.0014
Q7V013,EC:1.15.1.1/0.0000_0.0000
Q7V014,EC:1.2.4.1/0.0001_0.0001
Q7V015,EC:2.4.1.69/0.0000_0.0000,EC:5.1.3.34/0.0000_0.0000
Q7V017,EC:1.6.5.2/0.0005_0.0004
Q7V018,EC:2.7.7.6/0.0207_0.0133
Q7V020,EC:2.1.1.197/0.5633_0.1020
Q7V021,EC:3.1.1.1/0.1408_0.0622
Q7V022,EC:2.3.1.47/0.9675_0.0095
Q7V023,EC:3.6.4.12/0.9498_0.0148
Q7V025,EC:3.6.1.7/0.0563_0.0309,EC:3.6.1.23/0.0484_0.0273,EC:3.6.1.12/0.0458_0.0260
Q7V026,EC:1.4.3.2/0.1328_0.0597
Q7V029,EC:1.8.1.8/0.0120_0.0082
Q7V030,EC:2.4.1.129/0.9684_0.0093
Q7V031,EC:2.4.1.198/0.0008_0.0007
Q7V039,EC:1.5.5.1/0.0000_0.0000
Q7V040,EC:6.2.1.14/0.1619_0.0684
Q7V041,EC:1.3.1.53/0.0001_0.0001
Q7V044,EC:3.6.4.12/0.0048_0.0036,EC:4.2.3.189/0.0029_0.0023,EC:4.2.3.190/0.0019_0.0015
Q7V045,EC:2.7.8.35/0.1372_0.0611
Q7V046,EC:3.4.11.9/0.8253_0.0515
Q7V047,EC:3.1.11.6/0.0399_0.0232
Q7V053,EC:3.1.21.4/0.2176_0.0823,EC:5.6.2.2/0.1317_0.0593
Q7V055,EC:3.1.13.1/0.0131_0.0089
Q7V056,EC:3.6.1.31/0.0184_0.0120
Q7V057,EC:2.7.1.160/0.0035_0.0027,EC:3.2.2.21/0.0031_0.0024
Q7V058,EC:2.3.2.27/0.0120_0.0082
Q7V059,EC:4.2.3.15/0.1732_0.0715
Q7V060,EC:3.1.1.32/0.0036_0.0028
Q7V061,EC:1.11.1.7/0.0019_0.0016
Q7V062,EC:1.17.4.4/0.0001_0.0001,EC:7.1.1.2/0.0001_0.0001,EC:1.17.1.9/0.0000_0.0000
Q7V063,EC:4.2.1.1/0.2529_0.0894
Q7V064,EC:1.18.6.1/0.0003_0.0003
Q7V065,EC:3.1.31.1/0.0229_0.0145
Q7V066,EC:1.11.1.13/0.0000_0.0000
Q7V067,EC:3.7.1.7/0.1826_0.0740
Q7V068,EC:1.18.6.1/0.0056_0.0042
Q7V069,EC:1.14.14.18/0.0025_0.0020
Q7V070,EC:1.13.11.50/0.0002_0.0002
Q7V071,EC:3.1.11.6/0.2414_0.0873
Q7V072,EC:7.1.1.2/0.0041_0.0031
Q7V073,EC:3.6.1.31/0.0067_0.0049,EC:1.12.1.2/0.0064_0.0047
Q7V074,EC:3.5.1.9/0.0087_0.0062
Q7V075,EC:2.1.1.86/0.3032_0.0974
Q7V076,EC:3.2.1.186/0.0001_0.0001
Q7V077,EC:3.1.4.12/0.0016_0.0013
Q7V078,EC:2.1.1.86/0.2514_0.0892
Q7V079,EC:1.13.11.49/0.0002_0.0002,EC:1.3.98.5/0.0001_0.0001
Q7V080,EC:2.1.1.86/0.0257_0.0160
Q7V081,EC:2.1.1.45/0.0028_0.0022
Q7V082,EC:2.7.1.30/0.0002_0.0002,EC:6.3.5.7/0.0002_0.0002
Q7V083,EC:4.1.1.61/0.0048_0.0036
Q7V084,EC:2.1.1.86/0.2212_0.0831
Q7V085,EC:7.6.2.6/0.0001_0.0001,EC:7.6.2.2/0.0001_0.0001,EC:7.3.2.2/0.0000_0.0000
Q7V086,EC:1.11.1.24/0.1522_0.0657
Q7V087,EC:2.1.1.223/0.0000_0.0000
Q7V088,EC:1.14.19.25/0.4374_0.1072
Q7V090,EC:3.1.3.18/0.0042_0.0032,EC:3.1.3.23/0.0040_0.0031
Q7V091,EC:3.2.2.n1/0.6312_0.0937
Q7V092,EC:1.14.19.6/0.0007_0.0006
Q7V093,EC:1.1.1.283/0.0114_0.0079
Q7V094,EC:3.6.1.7/0.0049_0.0037
Q7V095,EC:1.1.2.7/0.0005_0.0004
Q7V096,EC:3.1.1.4/0.0017_0.0014
Q7V097,EC:2.4.2.1/0.0043_0.0033
Q7V098,EC:3.6.1.27/0.0001_0.0001,EC:3.6.4.12/0.0001_0.0001
Q7V099,EC:1.3.1.114/0.5703_0.1013
Q7V0A0,EC:2.7.1.21/0.0010_0.0009
Q7V0A1,EC:7.1.1.9/0.0011_0.0010
Q7V0A2,EC:2.1.1.63/0.1659_0.0695
Q7V0A3,EC:1.13.11.24/0.9415_0.0172
Q7V0A4,EC:2.1.1.86/0.6484_0.0911
Q7V0A6,EC:1.18.6.1/0.0002_0.0002
Q7V0A7,EC:1.3.7.7/0.0026_0.0021
Q7V0A8,EC:1.1.1.64/0.8202_0.0529,EC:1.1.1.300/0.7690_0.0662
Q7V0A9,EC:4.1.99.13/0.0310_0.0188,EC:4.1.99.3/0.0131_0.0089
Q7V0B0,EC:7.1.1.8/0.0927_0.0458
Q7V0B1,EC:1.4.3.5/0.2078_0.0801
Q7V0B2,EC:2.1.1.17/0.0112_0.0078
Q7V0B3,EC:2.7.8.13/0.0001_0.0001
Q7V0B4,EC:2.7.4.6/0.0147_0.0099
Q7V0B6,EC:1.3.8.1/0.0006_0.0005
Q7V0B7,EC:3.5.4.19/0.4666_0.1072
Q7V0B8,EC:2.3.1.197/0.0041_0.0032
Q7V0C0,EC:2.1.1.161/0.0001_0.0001,EC:2.1.1.328/0.0001_0.0001,EC:2.1.1.239/0.0001_0.0001,EC:2.1.1.156/0.0000_0.0001
Q7V0C8,EC:2.7.11.1/0.0000_0.0000,EC:2.7.10.2/0.0000_0.0000
Q7V0D1,EC:2.3.1.129/0.9402_0.0176
Q7V0D5,EC:3.1.21.4/0.1804_0.0734
Q7V0D6,EC:2.4.1.115/0.0012_0.0010,EC:3.4.22.34/0.0010_0.0009,EC:3.4.22.10/0.0007_0.0006,EC:5.2.1.8/0.0005_0.0005
Q7V0E0,EC:4.6.1.1/0.0012_0.0010
Q7V0E1,EC:2.4.1.198/0.0472_0.0267
Q7V0E2,EC:7.2.1.3/0.0000_0.0000
Q7V0E3,EC:7.5.2.4/0.0001_0.0001
Q7V0E4,EC:3.2.1.196/0.9065_0.0278
Q7V0E5,EC:1.2.5.2/0.0127_0.0086
Q7V0E6,EC:3.1.21.4/0.0326_0.0196
Q7V0E7,EC:4.2.1.96/0.0002_0.0002,EC:3.1.2.29/0.0002_0.0002
Q7V0E8,EC:1.18.1.3/0.0033_0.0026
Q7V0F3,EC:3.6.4.12/0.0503_0.0281
Q7V0F4,EC:3.1.13.1/0.0001_0.0001
Q7V0F5,EC:2.7.7.6/0.0045_0.0035
Q7V0F8,EC:3.5.4.40/0.0363_0.0214
Q7V0F9,EC:1.14.18.2/0.0000_0.0001
Q7V0G3,EC:1.13.11.63/0.0000_0.0000,EC:7.2.4.1/0.0000_0.0000
Q7V0G4,EC:1.3.1.98/0.0136_0.0092
Q7V0G5,EC:7.1.1.2/0.1835_0.0742
Q7V0G6,EC:5.2.1.8/0.8509_0.0443
Q7V0G9,EC:2.7.11.1/0.0002_0.0002
Q7V0H1,EC:3.6.4.12/0.6772_0.0861
Q7V0H3,EC:3.6.4.12/0.0010_0.0009,EC:3.1.4.59/0.0009_0.0008,EC:6.6.1.2/0.0007_0.0007
Q7V0H4,EC:2.1.1.86/0.0000_0.0000,EC:7.1.1.9/0.0000_0.0000,EC:7.1.1.2/0.0000_0.0000,EC:1.17.4.4/0.0000_0.0000
Q7V0H5,EC:3.1.3.48/0.0136_0.0092
Q7V0H8,EC:5.3.1.32/0.0027_0.0021
Q7V0H9,EC:2.5.1.143/0.0258_0.0161
Q7V0I0,EC:1.4.3.2/0.0136_0.0092
Q7V0I1,EC:3.4.15.1/0.0002_0.0002
Q7V0I2,EC:2.7.10.2/0.0007_0.0006
Q7V0I5,EC:7.1.1.9/0.0068_0.0050
Q7V0I9,EC:2.1.1.289/0.1418_0.0625,EC:2.1.1.132/0.0521_0.0290
Q7V0J0,EC:2.1.1.86/0.0014_0.0012
Q7V0J1,EC:3.1.21.4/0.0477_0.0269
Q7V0J7,EC:2.6.1.90/0.8011_0.0580
Q7V0J8,EC:2.6.1.90/0.6340_0.0933,EC:2.6.1.106/0.4452_0.1072
Q7V0J9,EC:4.2.1.76/0.4071_0.1064
Q7V0K0,EC:2.8.2.20/0.0135_0.0091
Q7V0K1,EC:2.7.7.49/0.0009_0.0008
Q7V0K2,EC:2.4.1.129/0.0019_0.0015
Q7V0K3,EC:2.1.1.156/0.0000_0.0000,EC:1.1.99.38/0.0000_0.0000,EC:1.13.11.48/0.0000_0.0000,EC:2.1.1.328/0.0000_0.0000
Q7V0K4,EC:2.3.1.30/0.0005_0.0004
Q7V0K5,EC:1.3.99.27/0.0002_0.0002
Q7V0K6,EC:7.1.1.2/0.3426_0.1019
Q7V0K7,EC:3.1.1.1/0.0047_0.0036
Q7V0K8,EC:1.14.13.39/0.0052_0.0039,EC:3.1.1.1/0.0051_0.0039,EC:1.5.3.1/0.0046_0.0035,EC:1.18.6.1/0.0044_0.0034
Q7V0K9,EC:3.7.1.7/0.0050_0.0038
Q7V0L0,EC:6.1.2.2/0.0014_0.0012
Q7V0L1,EC:7.1.1.2/0.4153_0.1067
Q7V0L2,EC:7.1.1.2/0.0838_0.0424
Q7V0L3,EC:2.1.1.156/0.0003_0.0003
Q7V0L4,EC:1.13.11.63/0.0204_0.0131
Q7V0L5,EC:2.1.1.365/0.0000_0.0000,EC:3.2.1.169/0.0000_0.0000
Q7V0L6,EC:2.1.1.156/0.3224_0.0998
Q7V0L7,EC:7.5.2.5/0.9687_0.0092
Q7V0L8,EC:2.7.1.95/0.0016_0.0013
Q7V0L9,EC:3.1.3.83/0.1392_0.0617
Q7V0M0,EC:2.2.1.13/0.9253_0.0221
Q7V0M1,EC:2.2.1.13/0.4226_0.1069
Q7V0M2,EC:1.1.1.1/0.8111_0.0553
Q7V0M4,EC:2.1.1.35/0.0000_0.0000
Q7V0M5,EC:5.3.1.15/0.0008_0.0007
Q7V0M6,EC:2.2.1.13/0.0835_0.0423
Q7V0M7,EC:2.2.1.1/0.2078_0.0801
Q7V0M8,EC:2.4.2.49/0.0011_0.0009
Q7V0M9,EC:2.7.8.33/0.8495_0.0447
Q7V0N0,EC:1.8.1.8/0.0020_0.0017,EC:3.6.4.12/0.0010_0.0009
Q7V0N1,EC:4.2.3.47/0.0230_0.0145
Q7V0N2,EC:2.3.2.13/0.0011_0.0009
Q7V0N3,EC:2.4.1.292/0.0323_0.0195
Q7V0N4,EC:2.4.1.336/0.0004_0.0004,EC:2.4.1.122/0.0004_0.0004
Q7V0N5,EC:2.4.1.56/0.0008_0.0007
Q7V0N6,EC:2.4.1.122/0.0040_0.0030,EC:2.4.1.336/0.0023_0.0019
Q7V0N7,EC:5.1.3.5/0.1860_0.0749
Q7V0N9,EC:5.3.1.28/0.4044_0.1063
Q7V0P0,EC:2.7.7.43/0.0001_0.0001
Q7V0P1,EC:1.1.99.2/0.8542_0.0433
Q7V0P3,EC:2.4.1.346/0.0029_0.0023
Q7V0P4,EC:2.1.1.n8/0.0013_0.0011,EC:2.1.1.156/0.0007_0.0007
Q7V0P5,EC:3.4.21.107/0.0002_0.0002
Q7V0P6,EC:5.1.3.6/0.8689_0.0390
Q7V0Q0,EC:2.7.1.227/0.0021_0.0017
Q7V0Q1,EC:4.2.1.168/0.4638_0.1072,EC:2.6.1.33/0.3087_0.0981
Q7V0Q2,EC:2.7.7.33/0.9918_0.0027
Q7V0Q3,EC:4.2.1.76/0.0009_0.0008,EC:1.1.1.133/0.0006_0.0005,EC:4.2.1.45/0.0004_0.0004,EC:5.1.3.13/0.0003_0.0003
Q7V0Q4,EC:1.1.1.339/0.0043_0.0033
Q7V0Q5,EC:5.1.3.10/0.8859_0.0340
Q7V0Q6,EC:2.4.2.53/0.0845_0.0427,EC:2.4.1.335/0.0505_0.0282
Q7V0Q7,EC:2.4.1.335/0.0007_0.0006,EC:2.4.2.53/0.0006_0.0006,EC:2.7.8.6/0.0004_0.0003
Q7V0Q8,EC:2.4.1.224/0.0003_0.0003
Q7V0Q9,EC:2.4.2.43/0.0002_0.0002
Q7V0R1,EC:5.4.99.1/0.0119_0.0082,EC:2.7.7.6/0.0097_0.0068
Q7V0R2,EC:2.4.1.198/0.0376_0.0221
Q7V0R4,EC:3.1.3.25/0.8535_0.0435
Q7V0R9,EC:7.1.1.8/0.0027_0.0022
Q7V0S2,EC:3.1.1.4/0.0002_0.0002
Q7V0S4,EC:3.1.3.1/0.0007_0.0007
Q7V0S5,EC:2.4.1.346/0.0000_0.0000
Q7V0S6,EC:2.4.1.56/0.0002_0.0002
Q7V0S7,EC:2.4.2.43/0.2559_0.0900
Q7V0S8,EC:3.6.4.12/0.0009_0.0008
Q7V0S9,EC:3.5.4.19/0.0198_0.0128
Q7V0T0,EC:1.8.5.2/0.0009_0.0008,EC:1.17.99.9/0.0008_0.0007
Q7V0T1,EC:1.11.1.24/0.0002_0.0002,EC:1.11.1.27/0.0002_0.0002
Q7V0T2,EC:3.5.1.124/0.0036_0.0028,EC:5.3.1.15/0.0029_0.0023
Q7V0T3,EC:3.1.21.4/0.0000_0.0001
Q7V0T4,EC:2.7.7.6/0.0310_0.0188
Q7V0T5,EC:2.1.1.156/0.0001_0.0001
Q7V0T6,EC:5.3.3.12/0.0002_0.0002,EC:4.1.1.84/0.0001_0.0001
Q7V0T7,EC:1.14.13.39/0.0327_0.0196
Q7V0T9,EC:1.8.4.14/0.0009_0.0008
Q7V0U0,EC:3.1.1.32/0.0005_0.0004
Q7V0U1,EC:2.7.7.n1/0.0005_0.0005,EC:3.5.99.5/0.0005_0.0005,EC:4.2.3.133/0.0005_0.0005
Q7V0U9,EC:3.1.1.23/0.0250_0.0156
Q7V0V0,EC:1.1.1.146/0.0276_0.0170,EC:1.1.1.270/0.0258_0.0160
Q7V0V1,EC:2.7.7.6/0.1016_0.0491
Q7V0V3,EC:7.1.2.2/0.0415_0.0240
Q7V0V4,EC:5.4.99.5/0.0013_0.0011
Q7V0V5,EC:7.1.1.1/0.6877_0.0841
Q7V0V8,EC:3.1.1.23/0.6223_0.0950
Q7V0V9,EC:1.14.13.39/0.0000_0.0000
Q7V0W3,EC:2.5.1.9/0.0001_0.0001
Q7V0W5,EC:4.2.3.121/0.0011_0.0010
Q7V0W6,EC:7.2.1.1/0.0283_0.0174
Q7V0W7,EC:1.13.11.66/0.0001_0.0001,EC:1.13.11.24/0.0001_0.0001
Q7V0W9,EC:7.2.4.2/0.0051_0.0038,EC:2.1.1.86/0.0050_0.0038
Q7V0X0,EC:1.2.5.2/0.0151_0.0101,EC:1.14.14.13/0.0125_0.0085
Q7V0X1,EC:1.4.3.2/0.0663_0.0352
Q7V0X2,EC:2.7.7.49/0.0007_0.0007
Q7V0X3,EC:3.1.6.2/0.0508_0.0284
Q7V0X4,EC:2.1.1.86/0.0332_0.0199
Q7V0X6,EC:1.4.9.2/0.0000_0.0000
Q7V0X7,EC:2.4.1.255/0.0004_0.0004,EC:3.1.1.1/0.0004_0.0004
Q7V0X8,EC:7.1.1.8/0.0000_0.0000,EC:3.4.22.8/0.0000_0.0000,EC:1.4.9.2/0.0000_0.0000
Q7V0Y0,EC:7.1.1.2/0.0105_0.0073
Q7V0Y1,EC:3.1.4.52/0.0013_0.0011
Q7V0Y2,EC:2.4.1.44/0.0013_0.0011,EC:5.4.99.5/0.0010_0.0009,EC:2.7.1.2/0.0010_0.0009
Q7V0Y3,EC:2.7.1.205/0.0090_0.0064
Q7V0Y4,EC:4.2.3.113/0.0036_0.0028
Q7V0Y5,EC:1.11.1.1/0.0008_0.0007
Q7V0Y6,EC:2.3.1.270/0.2803_0.0941
Q7V0Y8,EC:1.13.11.49/0.0029_0.0023,EC:4.2.1.51/0.0017_0.0014
Q7V0Y9,EC:2.7.7.7/0.0147_0.0098
Q7V0Z0,EC:1.14.99.60/0.0001_0.0001,EC:1.17.99.9/0.0001_0.0001
Q7V0Z2,EC:3.1.11.5/0.8147_0.0544
Q7V0Z3,EC:3.6.4.13/0.9860_0.0042
Q7V0Z4,EC:1.8.4.14/0.0406_0.0235
Q7V0Z5,EC:7.6.2.2/0.8833_0.0348
Q7V0Z6,EC:3.1.1.5/0.0044_0.0033
Q7V0Z9,EC:1.14.15.24/0.0000_0.0000,EC:3.4.23.52/0.0000_0.0000,EC:2.1.1.63/0.0000_0.0000
Q7V105,EC:2.3.1.258/0.0446_0.0255
Q7V107,EC:1.1.1.6/0.0025_0.0020,EC:2.3.1.101/0.0019_0.0016
Q7V108,EC:1.2.99.10/0.0004_0.0004,EC:4.1.1.18/0.0003_0.0003
Q7V109,EC:2.7.11.1/0.0021_0.0017
Q7V112,EC:3.6.1.25/0.0000_0.0000,EC:3.1.21.4/0.0000_0.0000
Q7V114,EC:2.4.1.198/0.0000_0.0000
Q7V117,EC:1.14.16.2/0.0164_0.0108
Q7V118,EC:2.3.1.275/0.0006_0.0006
Q7V119,EC:2.5.1.29/0.9948_0.0019,EC:2.5.1.10/0.9946_0.0019,EC:2.5.1.1/0.9935_0.0022
Q7V120,EC:2.7.7.19/0.0057_0.0042
Q7V122,EC:2.4.1.18/0.0383_0.0225
Q7V123,EC:5.5.1.18/0.0008_0.0007
Q7V125,EC:1.1.1.205/0.2218_0.0833
Q7V126,EC:5.3.4.1/0.0005_0.0004
Q7V128,EC:2.1.1.171/0.0005_0.0004
Q7V130,EC:1.6.5.2/0.0341_0.0204
Q7V134,EC:4.2.1.96/0.0012_0.0010
Q7V136,EC:2.7.7.n1/0.0019_0.0016
Q7V137,EC:3.1.1.1/0.0008_0.0007
Q7V138,EC:7.6.2.6/0.0008_0.0007
Q7V139,EC:3.1.1.1/0.0021_0.0017
Q7V140,EC:2.7.13.3/0.0004_0.0004
Q7V141,EC:7.2.4.2/0.0004_0.0004
Q7V142,EC:2.7.1.213/0.0092_0.0065
Q7V143,EC:5.4.99.5/0.3120_0.0985
Q7V144,EC:2.3.1.197/0.0038_0.0029,EC:2.3.1.30/0.0025_0.0020
Q7V145,EC:1.14.20.4/0.0003_0.0003,EC:2.4.2.6/0.0002_0.0002
Q7V146,EC:2.7.11.7/0.0001_0.0001
Q7V147,EC:2.7.7.65/0.0017_0.0014
Q7V148,EC:6.3.2.3/0.1848_0.0746
Q7V149,EC:7.2.4.1/0.0000_0.0000
Q7V150,EC:7.1.1.2/0.2094_0.0805,EC:2.7.7.6/0.1250_0.0572
Q7V151,EC:2.1.1.86/0.4744_0.1071
Q7V152,EC:3.1.1.1/0.0009_0.0008,EC:3.1.1.67/0.0006_0.0005
Q7V153,EC:6.3.3.3/0.0005_0.0005
Q7V154,EC:2.7.3.9/0.0021_0.0017,EC:3.1.1.45/0.0011_0.0009
Q7V155,EC:7.3.2.2/0.0002_0.0002,EC:7.2.2.11/0.0001_0.0001
Q7V156,EC:5.4.99.1/0.0002_0.0002
Q7V157,EC:3.6.4.12/0.0129_0.0088
Q7V158,EC:6.2.1.19/0.0190_0.0123
Q7V159,EC:4.2.1.96/0.0026_0.0021
Q7V160,EC:3.6.1.31/0.0004_0.0004,EC:1.5.1.42/0.0003_0.0003,EC:3.1.2.28/0.0003_0.0003
Q7V161,EC:2.1.1.86/0.0046_0.0035
Q7V162,EC:2.1.1.86/0.4016_0.1061
Q7V163,EC:7.1.1.2/0.0511_0.0285
Q7V164,EC:5.3.99.6/0.0000_0.0000
Q7V165,EC:1.2.5.2/0.0004_0.0004
Q7V166,EC:5.3.3.4/0.0007_0.0006,EC:5.3.1.32/0.0007_0.0006,EC:4.1.1.111/0.0005_0.0005
Q7V167,EC:1.8.98.2/0.0017_0.0014
Q7V168,EC:2.5.1.18/0.0177_0.0116
Q7V169,EC:3.1.21.4/0.1998_0.0783
Q7V170,EC:4.2.1.118/0.0049_0.0037
Q7V171,EC:3.1.2.28/0.1501_0.0650
Q7V172,EC:4.2.1.131/0.0016_0.0013
Q7V173,EC:3.6.1.31/0.0025_0.0020
Q7V175,EC:4.2.3.168/0.0135_0.0091
Q7V176,EC:4.2.3.44/0.0003_0.0003,EC:5.5.1.12/0.0002_0.0002
Q7V177,EC:1.11.1.9/0.9147_0.0253,EC:1.11.1.22/0.9109_0.0265
Q7V178,EC:2.1.1.86/0.0132_0.0089
Q7V181,EC:3.5.2.6/0.0024_0.0019
Q7V182,EC:3.1.1.59/0.2325_0.0855
Q7V183,EC:4.2.3.114/0.0040_0.0031,EC:3.1.2.29/0.0030_0.0024,EC:4.2.3.115/0.0027_0.0022,EC:4.2.3.20/0.0019_0.0015
Q7V184,EC:3.1.26.5/0.0022_0.0018
Q7V185,EC:2.1.1.86/0.0563_0.0309
Q7V186,EC:1.18.6.1/0.0001_0.0001
Q7V187,EC:7.1.1.2/0.0488_0.0275,EC:2.1.1.86/0.0362_0.0214,EC:1.17.4.4/0.0258_0.0160
Q7V188,EC:2.3.1.57/0.0002_0.0002
Q7V189,EC:3.4.15.6/0.1282_0.0582
Q7V190,EC:6.2.1.14/0.9715_0.0083
Q7V191,EC:1.17.8.1/0.0150_0.0100
Q7V192,EC:2.7.1.185/0.0005_0.0005
Q7V193,EC:7.2.4.2/0.0050_0.0038,EC:4.2.3.47/0.0048_0.0037
Q7V194,EC:2.4.2.6/0.0786_0.0403
Q7V195,EC:5.4.99.5/0.0600_0.0325
Q7V196,EC:1.12.1.2/0.0120_0.0082
Q7V197,EC:1.7.1.4/0.0601_0.0325,EC:2.7.11.1/0.0420_0.0242
Q7V198,EC:3.6.1.27/0.1878_0.0753
Q7V199,EC:3.2.1.1/0.0001_0.0001
Q7V1A0,EC:7.1.1.2/0.0043_0.0033
Q7V1A1,EC:2.3.1.n4/0.0000_0.0000
Q7V1A2,EC:2.3.1.273/0.0007_0.0006
Q7V1A3,EC:4.1.1.7/0.0001_0.0001
Q7V1A4,EC:2.7.7.6/0.0032_0.0025
Q7V1A5,EC:7.2.2.20/0.0003_0.0003,EC:7.6.2.5/0.0003_0.0003
Q7V1A6,EC:7.5.2.13/0.0000_0.0000
Q7V1A7,EC:7.1.1.8/0.0013_0.0011
Q7V1A8,EC:2.4.1.129/0.0000_0.0000,EC:3.4.21.105/0.0000_0.0000
Q7V1A9,EC:2.3.1.9/0.0046_0.0035
Q7V1B7,EC:2.4.1.266/0.6689_0.0876
Q7V1B8,EC:2.4.1.352/0.9341_0.0195
Q7V1B9,EC:3.1.3.70/0.1685_0.0703
Q7V1C0,EC:2.7.1.33/0.0004_0.0004
Q7V1C1,EC:5.4.99.1/0.0000_0.0000
Q7V1C2,EC:2.7.7.6/0.2318_0.0853
Q7V1C5,EC:7.6.2.2/0.9437_0.0166
Q7V1C6,EC:6.3.2.36/0.0011_0.0010
Q7V1C9,EC:2.7.7.6/0.0057_0.0042,EC:7.1.1.2/0.0052_0.0039
Q7V1D2,EC:1.1.1.100/0.0063_0.0046
Q7V1D4,EC:7.1.1.2/0.0630_0.0338
Q7V1D5,EC:7.6.2.2/0.0148_0.0099
Q7V1D7,EC:2.7.7.7/0.8634_0.0406
Q7V1D8,EC:2.7.7.6/0.0073_0.0053
Q7V1E0,EC:3.1.4.35/0.0174_0.0114
Q7V1E3,EC:2.3.2.27/0.0567_0.0310
Q7V1E7,EC:2.7.7.41/0.0000_0.0000
Q7V1E8,EC:2.9.1.3/0.9822_0.0053
Q7V1E9,EC:4.1.1.97/0.0068_0.0049
Q7V1F0,EC:3.6.1.7/0.0055_0.0041
Q7V1F1,EC:3.1.1.4/0.0051_0.0039
Q7V1F2,EC:3.1.1.108/0.0000_0.0000
Q7V1F5,EC:3.5.4.33/0.9775_0.0066
Q7V1F6,EC:4.1.1.25/0.0759_0.0392
Q7V1F7,EC:3.6.4.12/0.3546_0.1031
Q7V1F9,EC:2.4.1.129/0.0148_0.0099
Q7V1G0,EC:7.5.2.6/0.0001_0.0001
Q7V1G2,EC:3.6.1.31/0.7522_0.0703
Q7V1G3,EC:4.2.3.113/0.0014_0.0012
Q7V1G4,EC:2.3.2.27/0.1585_0.0675
Q7V1G7,EC:7.2.4.3/0.0874_0.0438
Q7V1G8,EC:7.1.1.2/0.0043_0.0033
Q7V1G9,EC:1.14.18.3/0.0000_0.0000
Q7V1H1,EC:3.6.4.10/0.0555_0.0305
Q7V1H3,EC:4.4.1.22/0.0047_0.0035
Q7V1H5,EC:5.2.1.8/0.0768_0.0396
Q7V1H6,EC:2.3.2.30/0.0011_0.0009
Q7V1I4,EC:2.8.1.7/0.3377_0.1015
Q7V1I5,EC:2.5.1.46/0.0081_0.0058
Q7V1I6,EC:3.4.16.4/0.3526_0.1029
Q7V1I8,EC:1.5.1.36/0.1239_0.0568
Q7V1J1,EC:3.1.4.57/0.0387_0.0226
Q7V1J2,EC:2.1.1.86/0.0006_0.0006
Q7V1J4,EC:3.1.7.11/0.0015_0.0013
Q7V1J5,EC:2.5.1.151/0.0095_0.0067,EC:1.16.1.6/0.0095_0.0067
Q7V1J6,EC:2.7.7.53/0.0030_0.0024
Q7V1J7,EC:4.2.2.n1/0.0077_0.0055
Q7V1J9,EC:3.1.13.1/0.3025_0.0973
Q7V1K1,EC:2.3.1.164/0.0001_0.0001
Q7V1K2,EC:1.4.9.1/0.0258_0.0160
Q7V1K5,EC:2.7.7.6/0.1917_0.0763
Q7V1K6,EC:3.9.1.3/0.0172_0.0113,EC:2.7.7.6/0.0117_0.0080
Q7V1K7,EC:5.4.99.5/0.0032_0.0025
Q7V1K8,EC:4.2.3.47/0.1066_0.0509
Q7V1K9,EC:1.11.1.24/0.9798_0.0060
Q7V1L0,EC:3.1.1.108/0.0010_0.0008
Q7V1L3,EC:3.1.11.6/0.0308_0.0187,EC:7.1.1.2/0.0220_0.0140
Q7V1L4,EC:3.1.3.101/0.0006_0.0006,EC:2.7.1.4/0.0004_0.0004
Q7V1L5,EC:4.4.1.22/0.0005_0.0005
Q7V1L6,EC:2.3.1.12/0.0040_0.0031
Q7V1L7,EC:3.1.11.6/0.0000_0.0000
Q7V1L8,EC:3.1.13.1/0.8528_0.0437
Q7V1L9,EC:2.4.1.198/0.5534_0.1029
Q7V1M0,EC:2.7.7.6/0.0100_0.0070
Q7V1M2,EC:2.8.3.5/0.0000_0.0000
Q7V1M3,EC:3.1.1.1/0.0000_0.0000
Q7V1M4,EC:2.7.8.39/0.0002_0.0002
Q7V1M6,EC:2.1.1.86/0.0120_0.0082
Q7V1M7,EC:4.2.3.197/0.0346_0.0206
Q7V1M8,EC:1.14.14.13/0.0454_0.0259,EC:2.7.7.n1/0.0400_0.0233
Q7V1M9,EC:1.14.13.240/0.0832_0.0421,EC:1.14.99.60/0.0442_0.0253
Q7V1N0,EC:3.1.21.4/0.0018_0.0015
Q7V1N5,EC:2.3.2.27/0.0000_0.0000
Q7V1N6,EC:7.5.2.6/0.8650_0.0402
Q7V1N7,EC:2.1.1.86/0.2237_0.0836
Q7V1N9,EC:3.6.4.12/0.0006_0.0006
Q7V1P1,EC:1.1.1.212/0.0008_0.0007
Q7V1P2,EC:6.4.1.1/0.0003_0.0003
Q7V1P3,EC:3.5.4.19/0.0486_0.0273
Q7V1P4,EC:3.1.11.6/0.0131_0.0089
Q7V1P5,EC:2.5.1.151/0.0009_0.0008,EC:1.16.1.6/0.0009_0.0008,EC:3.1.3.11/0.0009_0.0008,EC:2.7.7.66/0.0008_0.0007,EC:2.7.7.6/0.0008_0.0007
Q7V1P6,EC:2.1.1.86/0.0219_0.0139
Q7V1P7,EC:1.14.13.39/0.0077_0.0056,EC:3.5.4.19/0.0076_0.0055
Q7V1P8,EC:1.16.3.1/0.0380_0.0223
Q7V1P9,EC:1.14.19.21/0.0537_0.0297
Q7V1Q0,EC:7.3.2.5/0.0003_0.0003
Q7V1Q1,EC:4.2.3.113/0.0000_0.0000
Q7V1Q3,EC:7.2.2.7/0.8695_0.0388
Q7V1Q5,EC:1.5.1.30/0.0144_0.0097
Q7V1Q6,EC:1.12.1.2/0.0633_0.0339
Q7V1Q7,EC:4.2.1.1/0.0089_0.0063
Q7V1Q9,EC:5.1.3.10/0.0000_0.0000
Q7V1R0,EC:4.6.1.1/0.0040_0.0030,EC:3.6.4.12/0.0032_0.0025
Q7V1R1,EC:3.1.1.32/0.0002_0.0002
Q7V1R2,EC:3.5.1.5/0.0106_0.0074
Q7V1R3,EC:6.2.1.35/0.0009_0.0008
Q7V1R5,EC:4.1.99.25/0.0019_0.0016,EC:2.7.7.6/0.0019_0.0016
Q7V1R6,EC:3.1.3.27/0.0134_0.0091,EC:3.1.3.3/0.0068_0.0050
Q7V1S2,EC:1.2.99.6/0.0023_0.0019
Q7V1S3,EC:1.1.1.384/0.0479_0.0270
Q7V1S7,EC:1.3.7.7/0.0078_0.0056
Q7V1S8,EC:2.3.1.197/0.0067_0.0049
Q7V1S9,EC:2.4.2.9/0.7074_0.0802
Q7V1T0,EC:2.1.1.86/0.0791_0.0405
Q7V1T2,EC:2.4.2.30/0.0002_0.0002
Q7V1T3,EC:3.2.1.21/0.0032_0.0025,EC:3.5.2.17/0.0026_0.0021
Q7V1U1,EC:7.2.2.20/0.0049_0.0037
Q7V1U2,EC:3.6.1.31/0.0040_0.0031
Q7V1U4,EC:3.4.22.71/0.0001_0.0001
Q7V1U7,EC:1.8.7.1/0.9622_0.0111
Q7V1V1,EC:2.4.2.53/0.0000_0.0000
Q7V1V2,EC:7.2.4.2/0.0152_0.0101
Q7V1V3,EC:7.3.2.1/0.0011_0.0009,EC:7.3.2.2/0.0010_0.0009,EC:7.2.2.11/0.0009_0.0008,EC:7.6.2.15/0.0009_0.0008
Q7V1V4,EC:2.4.1.198/0.0103_0.0072
Q7V1V5,EC:3.1.21.4/0.0004_0.0003
Q7V1V6,EC:3.4.24.55/0.0004_0.0004
Q7V1V7,EC:3.1.11.6/0.0007_0.0006
Q7V1V8,EC:1.8.98.2/0.0006_0.0005
Q7V1W3,EC:3.6.1.55/0.0036_0.0028,EC:4.1.1.97/0.0025_0.0020
Q7V1W4,EC:3.5.1.5/0.0000_0.0000
Q7V1W5,EC:7.1.1.2/0.2710_0.0926
Q7V1W6,EC:4.2.3.16/0.0151_0.0101
Q7V1W7,EC:2.1.1.86/0.0049_0.0037
Q7V1W8,EC:2.1.1.86/0.0174_0.0114
Q7V1W9,EC:3.1.26.11/0.0177_0.0116
Q7V1X1,EC:3.5.1.25/0.0000_0.0000,EC:3.1.26.11/0.0000_0.0000
Q7V1X2,EC:2.1.1.86/0.0016_0.0013
Q7V1X6,EC:4.2.3.121/0.0900_0.0448
Q7V1X7,EC:5.1.3.32/0.0036_0.0028
Q7V1X8,EC:3.1.11.6/0.0005_0.0004,EC:2.1.1.86/0.0004_0.0004
Q7V1X9,EC:7.2.4.1/0.0487_0.0274
Q7V1Y0,EC:3.6.1.31/0.0197_0.0127
Q7V1Y1,EC:4.2.1.96/0.0142_0.0096
Q7V1Y3,EC:7.6.2.4/0.0000_0.0000,EC:2.4.1.198/0.0000_0.0000
Q7V1Y4,EC:3.1.1.32/0.0007_0.0006,EC:2.4.1.129/0.0007_0.0006
Q7V1Y5,EC:5.3.1.9/0.0093_0.0066
Q7V1Y6,EC:2.1.1.86/0.0001_0.0001
Q7V1Y7,EC:3.1.8.1/0.0002_0.0002,EC:3.1.3.8/0.0002_0.0002,EC:3.1.1.2/0.0001_0.0001
Q7V1Y8,EC:2.7.13.3/0.9008_0.0295
Q7V1Y9,EC:7.6.2.14/0.0000_0.0000
Q7V1Z0,EC:4.2.1.135/0.0001_0.0001
Q7V1Z1,EC:4.2.1.96/0.0185_0.0120
Q7V1Z2,EC:7.1.1.2/0.0345_0.0205
Q7V1Z3,EC:3.1.1.59/0.0012_0.0010
Q7V1Z4,EC:3.5.4.19/0.0497_0.0279
Q7V1Z5,EC:2.1.1.86/0.2505_0.0890
Q7V1Z6,EC:2.3.1.61/0.0008_0.0007
Q7V1Z7,EC:4.2.2.25/0.0089_0.0063
Q7V1Z8,EC:7.1.1.2/0.1024_0.0494
Q7V1Z9,EC:3.4.19.16/0.0008_0.0007
Q7V200,EC:1.1.1.398/0.2584_0.0904
Q7V201,EC:3.6.1.31/0.0598_0.0324
Q7V202,EC:7.3.2.1/0.0004_0.0004,EC:1.18.6.1/0.0004_0.0003
Q7V203,EC:1.8.5.2/0.0000_0.0000
Q7V204,EC:2.1.1.86/0.0160_0.0106
Q7V205,EC:3.5.4.19/0.0220_0.0140
Q7V206,EC:2.3.3.5/0.0080_0.0058
Q7V207,EC:7.1.1.2/0.0576_0.0315
Q7V210,EC:2.1.1.320/0.3284_0.1005
Q7V211,EC:3.1.11.6/0.0061_0.0045
Q7V212,EC:3.1.21.4/0.0009_0.0008
Q7V214,EC:3.4.21.102/0.9877_0.0037
Q7V218,EC:2.1.1.210/0.0002_0.0002
Q7V219,EC:7.3.2.2/0.0226_0.0143
Q7V220,EC:3.6.4.12/0.0221_0.0140,EC:7.1.1.2/0.0132_0.0090
Q7V221,EC:3.1.1.5/0.0027_0.0022,EC:2.4.2.6/0.0023_0.0018
Q7V222,EC:2.7.7.67/0.0871_0.0436
Q7V224,EC:1.14.13.39/0.0023_0.0019
Q7V225,EC:7.2.2.11/0.0021_0.0017
Q7V227,EC:1.8.1.8/0.0006_0.0005,EC:3.6.4.12/0.0005_0.0005
Q7V229,EC:2.1.1.197/0.0172_0.0113
Q7V230,EC:1.17.4.2/0.9620_0.0111
Q7V231,EC:6.5.1.2/0.2778_0.0937
Q7V233,EC:2.4.1.297/0.0004_0.0004
Q7V234,EC:7.1.1.2/0.0004_0.0003
Q7V235,EC:7.1.1.2/0.0016_0.0013,EC:7.1.1.8/0.0015_0.0013
Q7V236,EC:7.1.1.2/0.0058_0.0043
Q7V237,EC:1.14.14.18/0.0003_0.0003
Q7V238,EC:3.11.1.2/0.0141_0.0095
Q7V239,EC:2.3.1.197/0.0113_0.0078
Q7V240,EC:1.1.99.13/0.0000_0.0000
Q7V241,EC:1.8.98.2/0.0061_0.0045
Q7V243,EC:1.1.5.12/0.0013_0.0011
Q7V244,EC:7.2.2.6/0.0010_0.0008
Q7V246,EC:5.4.99.5/0.1554_0.0666
Q7V247,EC:1.5.1.2/0.0187_0.0121
Q7V248,EC:3.1.3.69/0.9442_0.0164
Q7V249,EC:1.97.1.4/0.0001_0.0001,EC:4.3.99.3/0.0001_0.0001
Q7V250,EC:4.2.1.96/0.0013_0.0011,EC:1.18.6.1/0.0012_0.0010
Q7V251,EC:3.3.2.1/0.0009_0.0008
Q7V252,EC:2.1.3.15/0.0012_0.0010
Q7V253,EC:1.1.1.300/0.2642_0.0914
Q7V254,EC:5.5.1.18/0.0051_0.0038
Q7V255,EC:1.1.1.201/0.0125_0.0085
Q7V256,EC:1.8.5.1/0.0324_0.0195
Q7V257,EC:2.7.7.6/0.0263_0.0163,EC:1.8.98.2/0.0216_0.0138
Q7V258,EC:7.2.4.2/0.0396_0.0231
Q7V260,EC:2.3.2.27/0.0347_0.0206
Q7V261,EC:2.1.1.63/0.0017_0.0014
Q7V262,EC:2.1.1.86/0.1295_0.0586
Q7V264,EC:1.4.3.2/0.0025_0.0020
Q7V265,EC:3.1.11.1/0.0273_0.0168,EC:2.7.7.7/0.0112_0.0077
Q7V266,EC:3.1.1.108/0.0123_0.0084
Q7V268,EC:2.5.1.84/0.9472_0.0155,EC:2.5.1.85/0.9468_0.0156,EC:2.5.1.91/0.9452_0.0161
Q7V269,EC:3.5.1.28/0.9867_0.0040
Q7V270,EC:3.5.1.128/0.9860_0.0042
Q7V273,EC:2.5.1.16/0.0250_0.0156
Q7V279,EC:3.1.1.1/0.0027_0.0022
Q7V280,EC:2.3.1.80/0.0038_0.0030
Q7V281,EC:3.4.23.43/0.0000_0.0000
Q7V282,EC:7.3.2.2/0.5268_0.1049
Q7V283,EC:3.1.1.45/0.0010_0.0009
Q7V284,EC:3.6.4.12/0.0499_0.0279
Q7V285,EC:1.8.98.2/0.0052_0.0039
Q7V288,EC:2.7.1.2/0.3848_0.1053
Q7V291,EC:3.1.1.3/0.6866_0.0843
Q7V295,EC:2.1.1.86/0.1083_0.0515
Q7V296,EC:1.12.1.2/0.0143_0.0096
Q7V297,EC:4.2.1.96/0.0010_0.0008
Q7V298,EC:3.1.1.84/0.0024_0.0020
Q7V2A1,EC:5.3.3.1/0.0166_0.0109
Q7V2A2,EC:1.18.6.1/0.0020_0.0016
Q7V2A5,EC:2.7.11.1/0.0015_0.0013,EC:2.7.11.26/0.0013_0.0011,EC:3.6.4.12/0.0008_0.0007
Q7V2A6,EC:7.1.1.2/0.0010_0.0009,EC:1.18.6.1/0.0010_0.0009
Q7V2A7,EC:6.3.2.36/0.0036_0.0028,EC:1.14.13.39/0.0032_0.0025
Q7V2A8,EC:5.1.3.32/0.0003_0.0003
Q7V2A9,EC:3.1.4.35/0.0061_0.0045
Q7V2B0,EC:7.2.4.3/0.0314_0.0190
Q7V2B3,EC:3.1.1.32/0.0108_0.0075,EC:3.6.1.27/0.0076_0.0055
Q7V2B5,EC:1.8.5.1/0.0012_0.0010,EC:2.5.1.18/0.0012_0.0010
Q7V2B6,EC:2.7.7.68/0.4030_0.1062
Q7V2B7,EC:2.6.1.85/0.0001_0.0001
Q7V2B8,EC:2.3.1.87/0.3285_0.1005
Q7V2B9,EC:7.6.2.2/0.8523_0.0438
Q7V2C2,EC:3.5.99.10/0.9869_0.0040
Q7V2C3,EC:3.5.4.19/0.0102_0.0071
Q7V2C4,EC:4.2.1.96/0.0537_0.0297
Q7V2D2,EC:3.6.1.66/0.9877_0.0038
Q7V2D4,EC:4.1.1.39/0.0026_0.0021
Q7V2D9,EC:7.1.1.2/0.4647_0.1072
Q7V2E1,EC:2.3.1.181/0.8677_0.0394
Q7V2E2,EC:3.6.4.12/0.0045_0.0034
Q7V2E5,EC:1.1.1.100/0.0045_0.0034,EC:1.1.1.325/0.0035_0.0027
Q7V2E9,EC:2.4.2.28/0.0062_0.0046
Q7V2F0,EC:5.2.1.8/0.0004_0.0003
Q7V2F1,EC:1.11.1.6/0.0019_0.0016
Q7V2F3,EC:3.1.26.5/0.0023_0.0019
Q7V2F6,EC:2.1.1.264/0.0004_0.0004,EC:2.1.1.173/0.0004_0.0004
Q7V2F7,EC:2.5.1.17/0.2958_0.0964
Q7V2G0,EC:1.3.99.38/0.0024_0.0019
Q7V2G2,EC:3.4.16.4/0.9673_0.0096
Q7V2G3,EC:3.1.1.108/0.0529_0.0293
Q7V2G4,EC:2.3.1.158/0.0012_0.0010,EC:2.4.1.198/0.0009_0.0008
Q7V2G5,EC:3.1.3.63/0.1792_0.0731
Q7V2G6,EC:3.5.2.3/0.6377_0.0927
Q7V2G8,EC:1.20.4.1/0.4979_0.1064,EC:3.1.3.48/0.4170_0.1067
Q7V2H2,EC:2.7.1.20/0.2531_0.0895
Q7V2H3,EC:4.1.1.111/0.0997_0.0484
Q7V2H4,EC:1.3.1.106/0.9862_0.0042
Q7V2H5,EC:7.1.1.2/0.0015_0.0013
Q7V2H6,EC:4.2.3.195/0.0001_0.0001
Q7V2H7,EC:7.1.1.9/0.0032_0.0026
Q7V2H8,EC:1.23.5.1/0.0255_0.0159
Q7V2I4,EC:4.2.1.96/0.0061_0.0045
Q7V2I6,EC:6.3.3.3/0.0004_0.0004
Q7V2I7,EC:3.6.4.12/0.0267_0.0165,EC:7.1.1.2/0.0205_0.0131
Q7V2I8,EC:2.4.1.198/0.0185_0.0120
Q7V2I9,EC:4.99.1.12/0.9446_0.0163
Q7V2J0,EC:2.1.1.209/0.0039_0.0030
Q7V2J1,EC:1.14.18.12/0.0064_0.0047,EC:5.4.99.5/0.0049_0.0037
Q7V2J4,EC:5.2.1.8/0.0002_0.0002
Q7V2J5,EC:2.7.7.101/0.0268_0.0166
Q7V2J6,EC:4.2.3.3/0.0085_0.0061
Q7V2J7,EC:4.2.1.10/0.0041_0.0032
Q7V2J8,EC:5.1.3.34/0.0138_0.0093
Q7V2K0,EC:3.1.1.4/0.0060_0.0044
Q7V2K2,EC:4.4.1.24/0.0006_0.0005
Q7V2K4,EC:3.6.4.12/0.0064_0.0047
Q7V2K5,EC:1.11.1.7/0.0158_0.0105
Q7V2L0,EC:5.6.2.2/0.4541_0.1073
Q7V2L1,EC:2.1.1.86/0.0132_0.0090
Q7V2L3,EC:1.14.13.39/0.0367_0.0217
Q7V2L7,EC:2.8.4.2/0.0007_0.0006
Q7V2L8,EC:3.1.4.59/0.0011_0.0009
Q7V2M0,EC:3.4.17.13/0.6816_0.0852
Q7V2M4,EC:3.11.1.2/0.0083_0.0060
Q7V2M5,EC:2.3.1.n4/0.0009_0.0008
Q7V2M6,EC:7.6.2.6/0.0000_0.0000
Q7V2M8,EC:1.17.99.9/0.9046_0.0284
Q7V2N2,EC:2.7.7.6/0.0323_0.0194
Q7V2N3,EC:2.4.1.245/0.0001_0.0001
Q7V2N4,EC:2.1.1.210/0.0478_0.0270
Q7V2N5,EC:4.2.1.161/0.0004_0.0004
Q7V2N6,EC:5.2.1.8/0.0349_0.0207
Q7V2N9,EC:7.6.2.15/0.0051_0.0038
Q7V2P0,EC:3.1.26.5/0.0380_0.0223
Q7V2P3,EC:1.8.98.2/0.1459_0.0638
Q7V2P4,EC:2.5.1.62/0.9746_0.0075
Q7V2P7,EC:4.1.99.13/0.9409_0.0174
Q7V2P8,EC:1.4.3.2/0.0023_0.0019
Q7V2P9,EC:2.3.1.286/0.0000_0.0001
Q7V2Q0,EC:4.2.3.123/0.0000_0.0000
Q7V2Q3,EC:2.7.1.205/0.0002_0.0002
Q7V2Q4,EC:2.4.1.198/0.5036_0.1061
Q7V2Q6,EC:4.4.1.28/0.0324_0.0195
Q7V2Q7,EC:1.5.1.42/0.0016_0.0014,EC:1.1.1.298/0.0011_0.0009
Q7V2Q9,EC:3.1.26.5/0.0058_0.0043
Q7V2R0,EC:2.4.1.129/0.0001_0.0001
Q7V2R5,EC:7.1.1.2/0.0316_0.0191
Q7V2R6,EC:2.7.13.3/0.0000_0.0001
Q7V2R7,EC:6.2.1.3/0.0800_0.0409
Q7V2S3,EC:5.3.1.24/0.0028_0.0023
Q7V2S4,EC:1.14.12.15/0.0009_0.0008,EC:2.7.7.6/0.0007_0.0006
Q7V2S5,EC:2.4.1.198/0.0759_0.0392
Q7V2S7,EC:3.1.3.48/0.4648_0.1072
Q7V2S8,EC:1.14.99.69/0.6669_0.0879
Q7V2T0,EC:3.1.21.4/0.4944_0.1065
Q7V2T1,EC:3.1.21.4/0.0959_0.0470
Q7V2T2,EC:3.1.11.6/0.0352_0.0209
Q7V2T3,EC:4.1.1.17/0.0025_0.0020
Q7V2T4,EC:1.14.19.65/0.0008_0.0007
Q7V2T5,EC:1.14.13.25/0.0002_0.0002
Q7V2T6,EC:1.4.3.2/0.0086_0.0061
Q7V2T7,EC:2.4.1.367/0.0204_0.0131
Q7V2T8,EC:4.2.3.6/0.0004_0.0004
Q7V2U1,EC:7.3.2.4/0.6051_0.0974
Q7V2U2,EC:2.4.1.356/0.0003_0.0003
Q7V2U3,EC:1.14.13.131/0.0000_0.0001,EC:1.7.5.1/0.0000_0.0000
Q7V2U4,EC:1.11.1.26/0.0002_0.0002,EC:1.4.3.2/0.0002_0.0002
Q7V2U5,EC:5.3.1.32/0.0021_0.0017
Q7V2U6,EC:1.10.3.2/0.0010_0.0009
Q7V2U7,EC:1.12.98.1/0.0006_0.0006
Q7V2U8,EC:7.2.1.1/0.0027_0.0021
Q7V2U9,EC:1.18.6.1/0.0180_0.0117
Q7V2V0,EC:4.3.2.3/0.0004_0.0004
Q7V2V1,EC:2.7.7.6/0.0655_0.0349
Q7V2V2,EC:2.7.4.7/0.9239_0.0226,EC:2.7.1.49/0.9078_0.0274
Q7V2V3,EC:3.5.99.2/0.3713_0.1044
Q7V2V4,EC:1.14.14.18/0.0055_0.0041
Q7V2V5,EC:2.4.1.308/0.9112_0.0264
Q7V2V6,EC:2.7.1.227/0.0003_0.0003
Q7V2V7,EC:4.2.1.104/0.0033_0.0026
Q7V2V8,EC:3.1.26.5/0.7562_0.0693
Q7V2V9,EC:3.1.11.6/0.0245_0.0153
Q7V2W0,EC:5.4.99.5/0.0029_0.0023
Q7V2W1,EC:1.11.1.24/0.6734_0.0868
Q7V2W3,EC:1.20.4.3/0.0076_0.0055
Q7V2W4,EC:1.3.5.3/0.0000_0.0000
Q7V2W5,EC:1.3.99.28/0.0001_0.0001
Q7V2W6,EC:4.6.1.23/0.0062_0.0046
Q7V2W7,EC:3.5.5.8/0.0020_0.0017
Q7V2W8,EC:1.14.99.60/0.0160_0.0106
Q7V2W9,EC:3.4.23.3/0.0111_0.0077
Q7V2X0,EC:2.3.1.264/0.0002_0.0002
Q7V2X1,EC:1.2.1.3/0.5923_0.0989
Q7V2X2,EC:3.1.26.12/0.0061_0.0045
Q7V2X7,EC:6.1.1.16/0.0261_0.0162
Q7V2Y1,EC:2.7.7.87/0.4036_0.1062
Q7V2Y3,EC:7.1.1.2/0.0030_0.0023
Q7V2Y7,EC:3.5.1.88/0.0013_0.0011
Q7V2Y9,EC:2.7.1.47/0.0632_0.0339
Q7V2Z0,EC:3.1.3.27/0.0000_0.0000,EC:2.3.1.n4/0.0000_0.0000,EC:2.3.1.270/0.0000_0.0000
Q7V2Z1,EC:2.1.1.86/0.0209_0.0134
Q7V2Z5,EC:6.3.3.2/0.0003_0.0002
Q7V302,EC:7.1.1.8/0.0130_0.0088
Q7V306,EC:7.3.2.2/0.0298_0.0181
Q7V307,EC:3.1.11.6/0.0012_0.0010
Q7V309,EC:3.6.1.13/0.8503_0.0444
Q7V311,EC:2.6.1.106/0.2028_0.0790
Q7V312,EC:1.11.1.9/0.0028_0.0022
Q7V315,EC:1.13.11.75/0.1064_0.0508
Q7V317,EC:5.4.2.8/0.9272_0.0216,EC:5.4.2.2/0.8594_0.0418
Q7V318,EC:3.1.12.1/0.2566_0.0901
Q7V319,EC:6.1.1.26/0.0036_0.0028
Q7V321,EC:3.6.4.12/0.0108_0.0075
Q7V322,EC:1.1.1.374/0.0071_0.0052
Q7V325,EC:2.7.13.3/0.9691_0.0090
Q7V326,EC:3.5.4.19/0.0102_0.0071
Q7V327,EC:3.1.2.22/0.1065_0.0508
Q7V328,EC:7.1.1.2/0.0244_0.0153
Q7V331,EC:3.1.21.7/0.1001_0.0486
Q7V332,EC:2.4.1.129/0.0023_0.0019
Q7V333,EC:2.1.1.86/0.0069_0.0050
Q7V334,EC:7.1.1.2/0.0006_0.0005
Q7V338,EC:2.4.1.198/0.0003_0.0003
Q7V343,EC:3.2.1.18/0.0510_0.0285
Q7V344,EC:3.1.26.4/0.0111_0.0077
Q7V345,EC:5.6.2.2/0.0221_0.0141
Q7V346,EC:2.5.1.17/0.1315_0.0593
Q7V347,EC:2.1.1.148/0.5423_0.1038
Q7V348,EC:7.1.1.2/0.0002_0.0002
Q7V351,EC:1.10.3.9/0.0487_0.0274
Q7V353,EC:7.1.1.2/0.1252_0.0572
Q7V356,EC:3.6.4.12/0.0005_0.0005
Q7V357,EC:7.1.1.8/0.0018_0.0015
Q7V358,EC:2.7.7.6/0.0185_0.0120,EC:1.12.1.2/0.0156_0.0103,EC:1.14.13.39/0.0123_0.0084,EC:4.2.3.16/0.0095_0.0067
Q7V363,EC:4.1.1.48/0.0199_0.0128
Q7V366,EC:2.5.1.18/0.1448_0.0634
Q7V367,EC:2.7.7.n1/0.0326_0.0196
Q7V371,EC:2.7.8.35/0.0013_0.0011
Q7V372,EC:7.2.4.2/0.0046_0.0035,EC:2.4.1.198/0.0025_0.0020
Q7V373,EC:3.6.1.12/0.0043_0.0033
Q7V374,EC:1.8.1.9/0.9698_0.0088
Q7V375,EC:2.1.1.86/0.0214_0.0136
Q7V376,EC:2.7.11.1/0.0749_0.0388
Q7V389,EC:5.4.99.5/0.0004_0.0004,EC:1.4.1.24/0.0003_0.0003
Q7V393,EC:7.2.2.11/0.8218_0.0524
Q7V394,EC:1.3.1.110/0.0003_0.0003
Q7V398,EC:3.5.2.6/0.0084_0.0060
Q7V399,EC:4.1.3.27/0.9853_0.0044
Q7V3A2,EC:1.15.1.1/0.0082_0.0059,EC:7.1.1.9/0.0075_0.0054
Q7V3A4,EC:1.6.5.4/0.0006_0.0005,EC:3.1.1.4/0.0005_0.0005
Q7V3A7,EC:4.2.1.113/0.1240_0.0569
Q7V3A8,EC:6.2.1.26/0.0011_0.0009,EC:6.2.1.n3/0.0009_0.0008
Q7V3B2,EC:2.8.1.7/0.9657_0.0100
Q7V3B3,EC:2.7.13.3/0.1109_0.0524
Q7V3B4,EC:2.1.1.11/0.9807_0.0057
Q7V3B7,EC:5.6.2.2/0.0116_0.0080
Q7V3B8,EC:1.20.4.1/0.0301_0.0183
Q7V3B9,EC:3.1.1.1/0.0057_0.0043
Q7V3C3,EC:3.6.1.25/0.0320_0.0193
Q7V3C4,EC:1.18.6.1/0.0000_0.0000
Q7V3C5,EC:1.5.1.20/0.0011_0.0010
Q7V3C7,EC:2.7.13.3/0.7102_0.0796
Q7V3C9,EC:5.2.1.12/0.0160_0.0106
Q7V3D0,EC:1.10.3.9/0.1416_0.0624
Q7V3D3,EC:2.5.1.32/0.9530_0.0138
Q7V3D4,EC:3.1.26.5/0.0024_0.0019
Q7V3D5,EC:2.7.7.72/0.8844_0.0344
Q7V3D6,EC:3.5.4.19/0.0071_0.0051,EC:2.7.7.6/0.0054_0.0041
Q7V3D7,EC:3.6.1.9/0.0041_0.0031
Q7V3D8,EC:2.3.1.n4/0.1793_0.0731
Q7V3E2,EC:2.7.13.3/0.0001_0.0001
Q7V3E5,EC:7.2.2.9/0.9922_0.0025
Q7V3E7,EC:3.6.4.12/0.9116_0.0263
Q7V3E8,EC:1.18.1.5/0.0000_0.0000,EC:3.1.4.52/0.0000_0.0000
Q7V3E9,EC:4.2.2.7/0.1483_0.0645
Q7V3F0,EC:7.6.2.15/0.0853_0.0429
Q7V3F1,EC:2.1.1.86/0.0051_0.0038,EC:1.10.3.9/0.0044_0.0034
Q7V3F3,EC:4.2.3.131/0.0091_0.0065
Q7V3F5,EC:1.1.1.157/0.0118_0.0081
Q7V3F6,EC:3.1.11.6/0.0002_0.0002
Q7V3F7,EC:2.4.1.227/0.0002_0.0002,EC:2.4.99.12/0.0002_0.0002,EC:2.4.1.182/0.0002_0.0002,EC:2.4.1.46/0.0001_0.0001,EC:2.4.99.13/0.0001_0.0001
Q7V3F8,EC:3.5.2.6/0.0101_0.0070
Q7V3F9,EC:1.12.1.2/0.1458_0.0637,EC:1.18.1.3/0.1048_0.0502
Q7V3G1,EC:3.1.1.1/0.0000_0.0000
Q7V3G4,EC:2.4.1.47/0.0001_0.0001
Q7V3G5,EC:5.3.99.3/0.0084_0.0060,EC:2.5.1.18/0.0060_0.0044
Q7V3G6,EC:1.3.3.3/0.0005_0.0004
Q7V3G7,EC:1.18.6.1/0.0033_0.0026
Q7V3H0,EC:1.1.1.302/0.2830_0.0945
Q7V3H1,EC:2.3.2.29/0.6604_0.0891
Q7V3H2,EC:7.1.1.2/0.0345_0.0206
Q7V3H4,EC:1.8.1.8/0.0009_0.0008
Q7V3H6,EC:2.3.1.251/0.0001_0.0001
Q7V3H7,EC:2.4.2.48/0.0001_0.0001,EC:2.6.1.97/0.0001_0.0001
Q7V3H8,EC:7.5.2.6/0.0000_0.0000
Q7V3H9,EC:3.1.3.25/0.7616_0.0680
Q7V3I0,EC:7.6.2.6/0.0000_0.0000
Q7V3I1,EC:3.1.11.6/0.0063_0.0046
Q7V3I2,EC:4.2.3.119/0.0002_0.0002
Q7V3I3,EC:5.3.1.12/0.0095_0.0067
Q7V3I4,EC:7.2.4.2/0.3307_0.1007
Q7V3I5,EC:3.4.21.107/0.9849_0.0045
Q7V3I6,EC:3.6.4.12/0.0004_0.0004
Q7V3I7,EC:1.14.14.13/0.0007_0.0006
Q7V3I8,EC:5.4.99.5/0.0021_0.0017,EC:5.4.99.67/0.0015_0.0013
Q7V3I9,EC:7.1.1.2/0.0130_0.0088
Q7V3J0,EC:3.5.1.44/0.0000_0.0000,EC:3.1.1.61/0.0000_0.0000
Q7V3J1,EC:2.4.1.129/0.0035_0.0028
Q7V3J2,EC:7.2.2.6/0.0011_0.0010
Q7V3J3,EC:1.6.5.12/0.9467_0.0157
Q7V3J6,EC:1.11.1.24/0.4499_0.1073
Q7V3J7,EC:2.7.8.7/0.6622_0.0887
Q7V3J9,EC:5.4.2.2/0.9910_0.0029
Q7V3K0,EC:2.7.7.6/0.0132_0.0090
Q7V3K1,EC:1.8.7.2/0.0033_0.0026,EC:3.6.1.31/0.0031_0.0025
Q7V3K2,EC:1.14.99.66/0.0000_0.0000
Q7V3K3,EC:7.6.2.5/0.0003_0.0003
Q7V3K4,EC:2.3.1.191/0.0001_0.0001,EC:1.12.1.2/0.0001_0.0001
Q7V3K6,EC:3.4.19.1/0.0106_0.0074,EC:3.4.21.26/0.0084_0.0060
Q7V3K8,EC:3.6.1.29/0.0002_0.0002
Q7V3K9,EC:1.4.3.2/0.0326_0.0196
Q7V3L0,EC:7.6.2.8/0.0033_0.0026
Q7V3L1,EC:7.1.1.2/0.0401_0.0233
Q7V3L2,EC:5.2.1.8/0.0051_0.0038,EC:2.1.1.86/0.0045_0.0034
Q7V3L4,EC:4.2.3.47/0.0006_0.0006
Q7V3L6,EC:2.4.1.227/0.0000_0.0000,EC:2.4.1.182/0.0000_0.0000,EC:2.4.1.268/0.0000_0.0000
Q7V3L7,EC:3.1.3.3/0.0004_0.0004
Q7V3L9,EC:3.1.21.4/0.1910_0.0761
Q7V3M0,EC:1.8.98.2/0.0009_0.0008
Q7V3M1,EC:2.4.1.198/0.0017_0.0014
Q7V3M2,EC:2.1.1.173/0.2227_0.0834,EC:2.1.1.264/0.2117_0.0810
Q7V3M3,EC:1.1.1.65/0.8092_0.0559
Q7V3M4,EC:1.3.7.7/0.0000_0.0001
Q7V3N1,EC:1.6.3.4/0.0336_0.0201
Q7V3N2,EC:1.5.1.38/0.0008_0.0007,EC:3.6.1.1/0.0005_0.0005
Q7V3N3,EC:1.6.5.2/0.3774_0.1048
Q7V3N4,EC:3.4.16.4/0.9654_0.0101
Q7V3N5,EC:5.2.1.8/0.0048_0.0036
Q7V3N6,EC:3.1.12.1/0.0011_0.0010
Q7V3N9,EC:2.6.1.51/0.3261_0.1002,EC:2.6.1.45/0.1997_0.0782
Q7V3P0,EC:2.7.7.6/0.0319_0.0192,EC:1.12.1.2/0.0280_0.0172
Q7V3P1,EC:3.1.11.6/0.0001_0.0001
Q7V3P2,EC:3.1.21.4/0.0151_0.0101
Q7V3P3,EC:1.1.1.133/0.0056_0.0042
Q7V3P4,EC:1.1.1.262/0.5610_0.1022
Q7V3P6,EC:5.2.1.8/0.1016_0.0491
Q7V3Q2,EC:3.1.26.5/0.0015_0.0013,EC:4.2.3.3/0.0013_0.0011
Q7V3Q5,EC:1.8.4.12/0.9476_0.0154
Q7V3Q7,EC:5.6.2.1/0.3392_0.1016
Q7V3Q8,EC:3.1.3.3/0.0200_0.0129
Q7V3R0,EC:4.2.3.187/0.0014_0.0012
Q7V3R1,EC:2.7.1.66/0.0014_0.0012
Q7V3R2,EC:1.17.99.6/0.9914_0.0028
Q7V3R3,EC:3.5.2.6/0.0787_0.0403
Q7V3R6,EC:6.2.1.57/0.0001_0.0001
